doc_id,doc_name,specialization,dept_id,experience_yrs,avg_rating
DOC00001,Dr. Anil Shah,Dermatologist,DEPT002,34,3.9
DOC00002,Dr. Sunita Yadav,Pediatrician,DEPT013,22,4.9
DOC00003,Dr. Mahesh Pillai,Intensivist,DEPT036,22,2.7
DOC00004,Dr. Ravi Nair,Intensivist,DEPT033,31,3.4
DOC00005,Dr. Sanjay Mehta,Gynecologist,DEPT015,29,4.7
DOC00006,Dr. Rahul Chatterjee,General Surgeon,DEPT008,13,4.6
DOC00007,Dr. Umesh Pillai,Dermatologist,DEPT015,13,2.8
DOC00008,Dr. Sandeep Agarwal,Pediatrician,DEPT031,8,4.2
DOC00009,Dr. Anita Pillai,Emergency Physician,DEPT008,22,2.7
DOC00011,Dr. Anita Iyer,Orthopedic Surgeon,DEPT044,16,4.9
DOC00012,Dr. Ganesh Kumar,Intensivist,DEPT006,19,3.1
DOC00013,Dr. Anil Chatterjee,Gastroenterologist,DEPT038,29,4.0
DOC00014,Dr. Vivek Chatterjee,General Surgeon,DEPT037,17,3.7
DOC00015,Dr. Meena Singh,Neurologist,DEPT025,6,3.8
DOC00016,Dr. Asha Nair,Psychiatrist,DEPT007,14,3.0
DOC00017,Dr. Kiran Tiwari,General Surgeon,DEPT006,33,3.4
DOC00018,Dr. Vikram Menon,Orthopedic Surgeon,DEPT017,24,3.2
DOC00019,Dr. Mohan Chatterjee,Gastroenterologist,DEPT007,32,4.0
DOC00021,Dr. Ramesh Chopra,Urologist,DEPT006,34,3.6
DOC00022,Dr. Shobha Rao,General Surgeon,DEPT026,28,4.0
DOC00023,Dr. Naresh Reddy,Emergency Physician,DEPT019,15,3.8
DOC00024,Dr. Pooja Patel,Oncologist,DEPT022,33,4.2
DOC00025,Dr. Radha Bose,Gynecologist,DEPT022,32,4.9
DOC00026,Dr. Archana Chopra,Orthopedic Surgeon,DEPT021,19,3.8
DOC00027,Dr. Rahul Singh,Emergency Physician,DEPT011,10,3.9
DOC00028,Dr. Rajesh Dubey,Gastroenterologist,DEPT035,10,4.0
DOC00029,Dr. Lokesh Bose,Oncologist,DEPT043,14,3.9
DOC00031,Dr. Mohan Patel,Oncologist,DEPT041,22,3.5
DOC00032,Dr. Vandana Shukla,Dermatologist,DEPT024,2,3.1
DOC00033,Dr. Lakshmi Mishra,Radiologist,DEPT014,32,3.8
DOC00034,Dr. Preeti Bose,Intensivist,DEPT001,15,3.1
DOC00035,Dr. Shobha Patel,Intensivist,DEPT006,17,4.1
DOC00036,Dr. Sneha Bose,Pathologist,DEPT005,26,4.7
DOC00037,Dr. Sunita Verma,Intensivist,DEPT003,34,4.5
DOC00038,Dr. Divya Agarwal,Radiologist,DEPT008,22,4.5
DOC00039,Dr. Leela Yadav,Psychiatrist,DEPT043,20,3.0
DOC00041,Dr. Girish Shah,Psychiatrist,DEPT015,19,2.6
DOC00042,Dr. Savita Sharma,Gynecologist,DEPT037,1,3.0
DOC00043,Dr. Savita Reddy,Dermatologist,DEPT027,14,3.9
DOC00044,Dr. Manjula Verma,Dermatologist,DEPT033,11,2.8
DOC00045,Dr. Vivek Kumar,Cardiologist,DEPT029,28,2.8
DOC00046,Dr. Usha Shah,Oncologist,DEPT044,29,5.0
DOC00047,Dr. Manjula Patel,General Surgeon,DEPT041,9,3.4
DOC00048,Dr. Deepak Chatterjee,General Surgeon,DEPT015,34,2.7
DOC00049,Dr. Anil Yadav,Radiologist,DEPT006,26,3.8
DOC00051,Dr. Kiran Gupta,Psychiatrist,DEPT002,29,4.2
DOC00052,Dr. Savita Sinha,Radiologist,DEPT004,8,3.7
DOC00053,Dr. Pooja Kumar,Urologist,DEPT002,16,2.8
DOC00054,Dr. Anil Iyer,Gastroenterologist,DEPT009,1,3.8
DOC00055,Dr. Priya Bose,Intensivist,DEPT031,19,2.7
DOC00056,Dr. Meena Gupta,Intensivist,DEPT004,1,4.3
DOC00057,Dr. Anil Mehta,Radiologist,DEPT013,10,4.8
DOC00058,Dr. Vinod Pillai,Neurologist,DEPT044,6,2.6
DOC00059,Dr. Anil Tiwari,Psychiatrist,DEPT021,22,3.9
DOC00061,Dr. Preeti Agarwal,Oncologist,DEPT032,17,4.6
DOC00062,Dr. Anita Chopra,Radiologist,DEPT018,12,4.1
DOC00063,Dr. Swati Malhotra,Intensivist,DEPT009,33,2.9
DOC00064,Dr. Sushma Shah,Radiologist,DEPT018,6,2.7
DOC00065,Dr. Deepak Singh,Neurologist,DEPT022,29,3.6
DOC00066,Dr. Deepak Verma,Pathologist,DEPT025,30,2.6
DOC00067,Dr. Amit Chopra,Dermatologist,DEPT002,32,4.6
DOC00068,Dr. Ramesh Menon,Gastroenterologist,DEPT023,8,3.8
DOC00069,Dr. Arjun Pillai,Cardiologist,DEPT027,29,3.3
DOC00071,Dr. Suresh Rao,Gynecologist,DEPT007,15,4.4
DOC00072,Dr. Sunita Malhotra,Orthopedic Surgeon,DEPT012,14,3.0
DOC00073,Dr. Deepak Kumar,Urologist,DEPT032,20,3.8
DOC00074,Dr. Savita Menon,Orthopedic Surgeon,DEPT012,14,3.8
DOC00075,Dr. Suresh Singh,Intensivist,DEPT034,25,2.8
DOC00076,Dr. Shobha Bose,Pathologist,DEPT044,4,4.5
DOC00077,Dr. Rahul Kumar,Cardiologist,DEPT023,8,4.2
DOC00078,Dr. Ramesh Pandey,Psychiatrist,DEPT019,33,3.0
DOC00079,Dr. Umesh Tiwari,Gynecologist,DEPT017,34,3.6
DOC00081,Dr. Arjun Nair,Pediatrician,DEPT001,12,3.3
DOC00082,Dr. Radha Rao,Pathologist,DEPT029,28,4.8
DOC00083,Dr. Kiran Saxena,Emergency Physician,DEPT038,5,4.2
DOC00084,Dr. Ravi Joshi,Dermatologist,DEPT002,32,4.9
DOC00085,Dr. Padma Patel,Intensivist,DEPT024,31,4.4
DOC00086,Dr. Sneha Mukherjee,Dermatologist,DEPT016,15,4.5
DOC00087,Dr. Rajesh Rao,Radiologist,DEPT038,13,3.3
DOC00088,Dr. Sushma Chatterjee,Oncologist,DEPT025,17,4.6
DOC00089,Dr. Lakshmi Agarwal,Oncologist,DEPT024,27,3.3
DOC00091,Dr. Naresh Shukla,Orthopedic Surgeon,DEPT001,33,4.6
DOC00092,Dr. Padma Nair,Gastroenterologist,DEPT017,34,4.3
DOC00093,Dr. Nalini Shah,Oncologist,DEPT024,9,3.8
DOC00094,Dr. Pooja Nair,General Surgeon,DEPT006,31,2.9
DOC00095,Dr. Mahesh Pandey,Gastroenterologist,DEPT038,34,4.0
DOC00096,Dr. Arjun Shukla,Cardiologist,DEPT012,16,4.1
DOC00097,Dr. Pradeep Nair,Oncologist,DEPT007,23,4.2
DOC00098,Dr. Savita Chopra,Radiologist,DEPT003,13,2.7
DOC00099,Dr. Archana Rao,Oncologist,DEPT023,5,3.1
DOC00101,Dr. Savita Patel,Gastroenterologist,DEPT031,21,3.9
DOC00102,Dr. Sandeep Bose,Dermatologist,DEPT024,19,4.6
DOC00103,Dr. Amit Bose,Orthopedic Surgeon,DEPT026,22,3.1
DOC00104,Dr. Suma Menon,General Surgeon,DEPT005,23,4.7
DOC00105,Dr. Manjula Saxena,Radiologist,DEPT038,19,4.9
DOC00106,Dr. Madhuri Agarwal,Cardiologist,DEPT008,6,2.7
DOC00107,Dr. Mohan Singh,Gastroenterologist,DEPT033,6,4.3
DOC00108,Dr. Madhuri Tiwari,Gynecologist,DEPT012,6,3.5
DOC00109,Dr. Manjula Kapoor,Orthopedic Surgeon,DEPT015,7,2.8
DOC00111,Dr. Naresh Agarwal,Urologist,DEPT037,32,3.1
DOC00112,Dr. Naresh Pandey,Emergency Physician,DEPT004,30,3.4
DOC00113,Dr. Deepak Pandey,Radiologist,DEPT038,17,2.5
DOC00114,Dr. Archana Reddy,Gastroenterologist,DEPT017,5,4.2
DOC00115,Dr. Anil Sharma,Cardiologist,DEPT029,14,3.6
DOC00116,Dr. Satish Chopra,Pathologist,DEPT037,3,3.4
DOC00117,Dr. Rekha Menon,Urologist,DEPT006,13,4.7
DOC00118,Dr. Manjula Sinha,Urologist,DEPT015,25,4.9
DOC00119,Dr. Rekha Chatterjee,Intensivist,DEPT015,28,3.6
DOC00121,Dr. Arjun Sharma,Gastroenterologist,DEPT021,17,3.3
DOC00122,Dr. Archana Agarwal,General Surgeon,DEPT001,6,4.0
DOC00123,Dr. Harish Saxena,Neurologist,DEPT018,30,3.5
DOC00124,Dr. Ganesh Nair,Intensivist,DEPT031,10,4.7
DOC00125,Dr. Nisha Sharma,Gastroenterologist,DEPT008,15,3.2
DOC00126,Dr. Vivek Mukherjee,Cardiologist,DEPT013,7,2.8
DOC00127,Dr. Ajay Mishra,Gastroenterologist,DEPT044,3,2.5
DOC00128,Dr. Sanjay Yadav,Gynecologist,DEPT032,23,2.9
DOC00129,Dr. Lokesh Pandey,Neurologist,DEPT044,10,2.7
DOC00131,Dr. Ashok Sinha,Emergency Physician,DEPT012,16,4.8
DOC00132,Dr. Suma Mukherjee,Emergency Physician,DEPT021,21,4.2
DOC00133,Dr. Lokesh Kapoor,Orthopedic Surgeon,DEPT028,33,4.0
DOC00134,Dr. Kiran Kumar,Pathologist,DEPT017,22,4.9
DOC00135,Dr. Arjun Malhotra,Cardiologist,DEPT024,7,4.0
DOC00136,Dr. Rajesh Menon,Neurologist,DEPT018,21,4.3
DOC00137,Dr. Naresh Kumar,Pathologist,DEPT002,1,2.9
DOC00138,Dr. Nitin Menon,Pediatrician,DEPT006,21,3.2
DOC00139,Dr. Sushma Verma,Pathologist,DEPT015,34,4.0
DOC00141,Dr. Ravi Mukherjee,Pediatrician,DEPT018,22,4.6
DOC00142,Dr. Madhuri Dubey,Oncologist,DEPT044,3,3.2
DOC00143,Dr. Kiran Verma,Emergency Physician,DEPT042,12,3.6
DOC00144,Dr. Pradeep Verma,Intensivist,DEPT011,12,3.2
DOC00145,Dr. Radha Chopra,Pediatrician,DEPT005,9,3.2
DOC00146,Dr. Swati Kapoor,Gynecologist,DEPT043,8,3.9
DOC00147,Dr. Shobha Mishra,Gastroenterologist,DEPT005,8,4.8
DOC00148,Dr. Radha Menon,Pediatrician,DEPT028,22,4.9
DOC00149,Dr. Girish Gupta,Pathologist,DEPT022,20,3.9
DOC00151,Dr. Kiran Shukla,Intensivist,DEPT005,23,2.6
DOC00152,Dr. Sandeep Tiwari,Pathologist,DEPT005,18,3.2
DOC00153,Dr. Satish Saxena,Psychiatrist,DEPT005,34,4.1
DOC00154,Dr. Kiran Kapoor,Intensivist,DEPT038,9,4.8
DOC00155,Dr. Nalini Chopra,Gynecologist,DEPT001,16,2.9
DOC00156,Dr. Suresh Shah,Cardiologist,DEPT005,11,4.6
DOC00157,Dr. Rahul Sinha,Pediatrician,DEPT026,19,4.7
DOC00158,Dr. Rahul Nair,Pediatrician,DEPT005,28,2.7
DOC00159,Dr. Madhuri Singh,Orthopedic Surgeon,DEPT011,18,4.8
DOC00161,Dr. Rekha Tiwari,Gastroenterologist,DEPT039,27,4.0
DOC00162,Dr. Savita Kumar,Intensivist,DEPT008,1,4.6
DOC00163,Dr. Anil Chopra,Dermatologist,DEPT035,9,4.2
DOC00164,Dr. Suresh Shah,Intensivist,DEPT036,14,4.2
DOC00165,Dr. Meena Sinha,Gastroenterologist,DEPT019,25,4.7
DOC00166,Dr. Meena Tiwari,Pathologist,DEPT032,13,4.4
DOC00167,Dr. Ravi Shah,Pediatrician,DEPT013,4,3.5
DOC00168,Dr. Amit Rao,Pediatrician,DEPT007,33,3.5
DOC00169,Dr. Harish Rao,Orthopedic Surgeon,DEPT018,27,4.9
DOC00171,Dr. Kiran Chopra,Neurologist,DEPT022,18,3.2
DOC00172,Dr. Arjun Shah,Cardiologist,DEPT028,12,3.4
DOC00173,Dr. Vinod Joshi,Orthopedic Surgeon,DEPT029,2,2.9
DOC00174,Dr. Rahul Singh,Pathologist,DEPT013,10,3.3
DOC00175,Dr. Madhuri Iyer,Gynecologist,DEPT032,28,4.0
DOC00176,Dr. Kavita Patel,Emergency Physician,DEPT007,20,3.0
DOC00177,Dr. Vikram Kapoor,Psychiatrist,DEPT033,21,3.6
DOC00178,Dr. Sneha Dubey,Radiologist,DEPT024,3,4.0
DOC00179,Dr. Sanjay Malhotra,Gynecologist,DEPT023,9,3.5
DOC00181,Dr. Nalini Gupta,Radiologist,DEPT015,21,4.4
DOC00182,Dr. Kiran Saxena,Urologist,DEPT002,11,3.8
DOC00183,Dr. Nitin Tiwari,General Surgeon,DEPT027,33,3.3
DOC00184,Dr. Pradeep Verma,Neurologist,DEPT016,3,4.3
DOC00185,Dr. Meena Mehta,Emergency Physician,DEPT007,23,3.9
DOC00186,Dr. Sneha Sharma,Psychiatrist,DEPT015,4,3.6
DOC00187,Dr. Madhuri Gupta,Dermatologist,DEPT025,29,2.9
DOC00188,Dr. Ganesh Iyer,Emergency Physician,DEPT024,16,5.0
DOC00189,Dr. Ganesh Singh,Orthopedic Surgeon,DEPT019,10,2.9
DOC00191,Dr. Ramesh Chatterjee,Radiologist,DEPT044,13,3.5
DOC00192,Dr. Lokesh Gupta,Psychiatrist,DEPT001,23,4.0
DOC00193,Dr. Anita Mukherjee,Urologist,DEPT014,6,4.8
DOC00194,Dr. Kavita Reddy,Pathologist,DEPT005,16,3.3
DOC00195,Dr. Rajesh Nair,Gynecologist,DEPT006,4,2.8
DOC00196,Dr. Asha Joshi,Cardiologist,DEPT012,23,4.3
DOC00197,Dr. Amit Joshi,Urologist,DEPT042,15,4.9
DOC00198,Dr. Mohan Reddy,Emergency Physician,DEPT022,20,3.6
DOC00199,Dr. Naresh Sharma,Cardiologist,DEPT018,24,5.0
DOC00201,Dr. Anita Sharma,Pathologist,DEPT013,6,3.3
DOC00202,Dr. Ravi Chatterjee,Oncologist,DEPT003,25,4.7
DOC00203,Dr. Radha Bose,Intensivist,DEPT011,12,2.5
DOC00204,Dr. Ashok Singh,General Surgeon,DEPT034,27,4.2
DOC00205,Dr. Asha Mehta,Gastroenterologist,DEPT007,17,4.7
DOC00206,Dr. Sushma Yadav,Emergency Physician,DEPT004,20,3.2
DOC00207,Dr. Radha Joshi,Cardiologist,DEPT027,11,4.6
DOC00208,Dr. Pooja Mishra,Pediatrician,DEPT018,5,4.0
DOC00209,Dr. Satish Tiwari,Orthopedic Surgeon,DEPT006,4,3.3
DOC00211,Dr. Rekha Shah,Dermatologist,DEPT041,5,2.6
DOC00212,Dr. Anita Yadav,Radiologist,DEPT042,8,4.2
DOC00213,Dr. Rahul Agarwal,Pediatrician,DEPT016,3,3.4
DOC00214,Dr. Sneha Mehta,Orthopedic Surgeon,DEPT004,11,3.9
DOC00215,Dr. Rahul Sinha,Urologist,DEPT005,9,3.0
DOC00216,Dr. Padma Mukherjee,Orthopedic Surgeon,DEPT021,30,2.5
DOC00217,Dr. Divya Menon,Dermatologist,DEPT001,5,2.7
DOC00218,Dr. Vivek Verma,General Surgeon,DEPT019,1,4.1
DOC00219,Dr. Rajesh Gupta,General Surgeon,DEPT009,24,2.8
DOC00221,Dr. Pradeep Rao,Radiologist,DEPT025,21,3.2
DOC00222,Dr. Sushma Mishra,Intensivist,DEPT026,30,4.0
DOC00223,Dr. Satish Joshi,Psychiatrist,DEPT038,32,3.2
DOC00224,Dr. Rajesh Sharma,Urologist,DEPT013,23,3.7
DOC00225,Dr. Rahul Bose,Radiologist,DEPT009,31,3.5
DOC00226,Dr. Prakash Nair,Orthopedic Surgeon,DEPT026,1,4.4
DOC00227,Dr. Dinesh Sharma,Psychiatrist,DEPT018,21,3.5
DOC00228,Dr. Umesh Patel,Orthopedic Surgeon,DEPT026,16,3.2
DOC00229,Dr. Ajay Verma,Cardiologist,DEPT026,21,5.0
DOC00231,Dr. Vivek Joshi,Neurologist,DEPT012,18,2.9
DOC00232,Dr. Sunita Pillai,Intensivist,DEPT037,11,4.1
DOC00233,Dr. Padma Dubey,Gastroenterologist,DEPT008,1,4.1
DOC00234,Dr. Satish Tiwari,Gynecologist,DEPT017,1,3.4
DOC00235,Dr. Preeti Shah,Oncologist,DEPT012,29,4.4
DOC00236,Dr. Archana Bose,Cardiologist,DEPT021,22,4.4
DOC00237,Dr. Harish Menon,Neurologist,DEPT027,25,3.7
DOC00238,Dr. Anita Yadav,Gastroenterologist,DEPT002,23,3.3
DOC00239,Dr. Suma Mukherjee,Psychiatrist,DEPT016,24,2.8
DOC00241,Dr. Archana Tiwari,Oncologist,DEPT014,29,4.7
DOC00242,Dr. Rekha Saxena,Gastroenterologist,DEPT016,12,5.0
DOC00243,Dr. Ravi Pillai,General Surgeon,DEPT027,12,3.2
DOC00244,Dr. Madhuri Sharma,Radiologist,DEPT026,23,3.3
DOC00245,Dr. Vandana Shukla,Neurologist,DEPT017,29,4.1
DOC00246,Dr. Leela Tiwari,Cardiologist,DEPT034,3,4.4
DOC00247,Dr. Sunita Sharma,Psychiatrist,DEPT018,30,4.6
DOC00248,Dr. Prakash Rao,Urologist,DEPT001,9,4.4
DOC00249,Dr. Usha Yadav,Pathologist,DEPT004,27,4.2
DOC00251,Dr. Vikram Agarwal,Urologist,DEPT007,18,4.1
DOC00252,Dr. Kiran Sinha,Dermatologist,DEPT027,17,2.5
DOC00253,Dr. Pradeep Sharma,Neurologist,DEPT026,8,3.7
DOC00254,Dr. Rahul Pandey,Radiologist,DEPT017,5,4.3
DOC00255,Dr. Suma Chatterjee,Orthopedic Surgeon,DEPT021,4,3.3
DOC00256,Dr. Ravi Patel,Gynecologist,DEPT002,24,3.1
DOC00257,Dr. Manjula Gupta,Urologist,DEPT034,29,3.5
DOC00258,Dr. Padma Gupta,Gynecologist,DEPT032,32,3.9
DOC00259,Dr. Dinesh Nair,Urologist,DEPT035,22,2.5
DOC00261,Dr. Prakash Chopra,Pediatrician,DEPT008,1,4.4
DOC00262,Dr. Deepak Patel,Dermatologist,DEPT008,29,4.3
DOC00263,Dr. Mohan Joshi,Orthopedic Surgeon,DEPT033,8,3.1
DOC00264,Dr. Preeti Agarwal,Pathologist,DEPT039,27,3.1
DOC00265,Dr. Sunita Menon,Gastroenterologist,DEPT035,6,2.9
DOC00266,Dr. Pradeep Agarwal,Neurologist,DEPT006,13,3.5
DOC00267,Dr. Divya Menon,Neurologist,DEPT028,2,4.9
DOC00268,Dr. Priya Bose,Dermatologist,DEPT008,22,3.5
DOC00269,Dr. Pradeep Sinha,Psychiatrist,DEPT035,26,4.8
DOC00271,Dr. Amit Sinha,Urologist,DEPT034,26,3.0
DOC00272,Dr. Girish Mukherjee,Orthopedic Surgeon,DEPT013,22,3.1
DOC00273,Dr. Ashok Chopra,Pathologist,DEPT016,26,3.8
DOC00274,Dr. Suma Chatterjee,Oncologist,DEPT031,5,2.9
DOC00275,Dr. Rahul Saxena,Radiologist,DEPT032,30,2.8
DOC00276,Dr. Vivek Chopra,Oncologist,DEPT004,23,4.2
DOC00277,Dr. Ravi Chopra,Orthopedic Surgeon,DEPT008,33,3.4
DOC00278,Dr. Usha Nair,Dermatologist,DEPT014,23,4.2
DOC00279,Dr. Vidya Nair,Oncologist,DEPT005,11,3.1
DOC00281,Dr. Rahul Kumar,Cardiologist,DEPT019,14,3.2
DOC00282,Dr. Sneha Rao,Intensivist,DEPT026,34,4.7
DOC00283,Dr. Umesh Agarwal,Orthopedic Surgeon,DEPT032,17,3.9
DOC00284,Dr. Satish Singh,Gynecologist,DEPT034,5,2.8
DOC00285,Dr. Pooja Bose,Gastroenterologist,DEPT017,24,3.6
DOC00286,Dr. Manjula Shah,Pediatrician,DEPT024,1,2.8
DOC00287,Dr. Arjun Bose,Urologist,DEPT039,19,2.7
DOC00288,Dr. Usha Joshi,Psychiatrist,DEPT004,10,3.9
DOC00289,Dr. Geeta Rao,Radiologist,DEPT005,7,2.8
DOC00291,Dr. Suresh Yadav,Gynecologist,DEPT036,18,3.0
DOC00292,Dr. Ramesh Dubey,Intensivist,DEPT016,3,2.7
DOC00293,Dr. Deepak Singh,Neurologist,DEPT034,15,2.8
DOC00294,Dr. Nisha Tiwari,Gastroenterologist,DEPT015,3,3.6
DOC00295,Dr. Harish Joshi,Cardiologist,DEPT041,32,2.9
DOC00296,Dr. Rahul Shah,Psychiatrist,DEPT044,9,3.3
DOC00297,Dr. Ganesh Pillai,Urologist,DEPT027,14,3.6
DOC00298,Dr. Lokesh Mehta,Neurologist,DEPT008,29,3.0
DOC00299,Dr. Padma Verma,Cardiologist,DEPT004,27,2.8
DOC00301,Dr. Vikram Yadav,Neurologist,DEPT031,19,2.9
DOC00302,Dr. Asha Saxena,Gastroenterologist,DEPT037,21,4.9
DOC00303,Dr. Pradeep Mehta,Radiologist,DEPT004,24,3.4
DOC00304,Dr. Amit Dubey,Pediatrician,DEPT017,29,3.6
DOC00305,Dr. Sanjay Kapoor,Dermatologist,DEPT037,29,4.4
DOC00306,Dr. Dinesh Agarwal,Orthopedic Surgeon,DEPT012,16,4.5
DOC00307,Dr. Satish Chatterjee,Gastroenterologist,DEPT036,34,4.2
DOC00308,Dr. Harish Patel,General Surgeon,DEPT023,1,4.7
DOC00309,Dr. Harish Mehta,Dermatologist,DEPT015,2,3.8
DOC00311,Dr. Dinesh Kumar,Emergency Physician,DEPT007,25,2.9
DOC00312,Dr. Divya Bose,Urologist,DEPT006,23,4.0
DOC00313,Dr. Lokesh Chatterjee,Pathologist,DEPT034,2,3.6
DOC00314,Dr. Nitin Mehta,Urologist,DEPT018,21,4.6
DOC00315,Dr. Vivek Gupta,Neurologist,DEPT033,9,3.1
DOC00316,Dr. Asha Gupta,Pediatrician,DEPT033,24,4.2
DOC00317,Dr. Sandeep Joshi,Psychiatrist,DEPT009,28,2.5
DOC00318,Dr. Mohan Shah,Pediatrician,DEPT005,15,3.5
DOC00319,Dr. Prakash Reddy,Emergency Physician,DEPT032,23,3.4
DOC00321,Dr. Ravi Kapoor,Pathologist,DEPT023,26,2.7
DOC00322,Dr. Sushma Iyer,Gastroenterologist,DEPT007,26,4.6
DOC00323,Dr. Ramesh Dubey,Orthopedic Surgeon,DEPT015,31,4.6
DOC00324,Dr. Anil Chatterjee,Neurologist,DEPT019,13,3.1
DOC00325,Dr. Rahul Reddy,Dermatologist,DEPT026,24,4.3
DOC00326,Dr. Rahul Mishra,Gynecologist,DEPT005,25,4.8
DOC00327,Dr. Pradeep Shukla,Orthopedic Surgeon,DEPT008,23,4.0
DOC00328,Dr. Suma Sharma,Intensivist,DEPT034,28,3.4
DOC00329,Dr. Geeta Shah,Cardiologist,DEPT034,3,4.2
DOC00331,Dr. Ravi Nair,Emergency Physician,DEPT018,19,3.5
DOC00332,Dr. Ramesh Dubey,Intensivist,DEPT013,18,3.9
DOC00333,Dr. Pradeep Pillai,Neurologist,DEPT036,18,4.2
DOC00334,Dr. Rekha Sinha,Gynecologist,DEPT001,5,3.2
DOC00335,Dr. Prakash Shukla,Pediatrician,DEPT036,26,4.2
DOC00336,Dr. Nisha Patel,Orthopedic Surgeon,DEPT002,30,3.8
DOC00337,Dr. Sandeep Shah,Gynecologist,DEPT034,12,4.0
DOC00338,Dr. Ashok Mehta,Pathologist,DEPT003,32,3.2
DOC00339,Dr. Padma Yadav,Urologist,DEPT038,4,4.4
DOC00341,Dr. Priya Kumar,Oncologist,DEPT016,31,2.9
DOC00342,Dr. Girish Dubey,Orthopedic Surgeon,DEPT035,14,3.7
DOC00343,Dr. Manjula Pillai,Radiologist,DEPT043,6,3.8
DOC00344,Dr. Rahul Shah,Neurologist,DEPT009,1,2.5
DOC00345,Dr. Vidya Yadav,Urologist,DEPT026,16,4.5
DOC00346,Dr. Ashok Chopra,Neurologist,DEPT011,14,3.9
DOC00347,Dr. Suresh Iyer,Intensivist,DEPT027,33,2.7
DOC00348,Dr. Ravi Sinha,Emergency Physician,DEPT023,33,4.6
DOC00349,Dr. Umesh Pandey,Gynecologist,DEPT003,12,4.3
DOC00351,Dr. Padma Dubey,Intensivist,DEPT026,2,4.8
DOC00352,Dr. Sunita Chatterjee,Oncologist,DEPT013,33,4.2
DOC00353,Dr. Priya Shukla,Cardiologist,DEPT016,7,3.8
DOC00354,Dr. Ajay Saxena,Gastroenterologist,DEPT002,4,4.5
DOC00355,Dr. Girish Joshi,Emergency Physician,DEPT043,31,3.4
DOC00356,Dr. Asha Gupta,Oncologist,DEPT033,5,3.6
DOC00357,Dr. Sanjay Tiwari,Gynecologist,DEPT006,28,3.4
DOC00358,Dr. Kavita Patel,Psychiatrist,DEPT032,31,3.3
DOC00359,Dr. Ajay Nair,Orthopedic Surgeon,DEPT015,27,4.9
DOC00361,Dr. Sandeep Shukla,Gynecologist,DEPT003,27,3.8
DOC00362,Dr. Priya Chatterjee,Pathologist,DEPT021,28,3.8
DOC00363,Dr. Ashok Gupta,Pathologist,DEPT032,26,3.4
DOC00364,Dr. Asha Yadav,Oncologist,DEPT009,3,3.3
DOC00365,Dr. Manjula Mukherjee,Pediatrician,DEPT014,22,3.1
DOC00366,Dr. Sandeep Sharma,Radiologist,DEPT022,21,4.9
DOC00367,Dr. Smita Agarwal,Emergency Physician,DEPT023,11,4.3
DOC00368,Dr. Arjun Nair,Cardiologist,DEPT042,34,3.7
DOC00369,Dr. Mohan Agarwal,Dermatologist,DEPT014,19,4.0
DOC00371,Dr. Pradeep Iyer,Dermatologist,DEPT005,18,4.6
DOC00372,Dr. Vidya Rao,Radiologist,DEPT028,18,3.4
DOC00373,Dr. Vikram Tiwari,Psychiatrist,DEPT002,9,3.2
DOC00374,Dr. Sanjay Rao,Psychiatrist,DEPT012,14,3.7
DOC00375,Dr. Nisha Sharma,Psychiatrist,DEPT001,6,3.7
DOC00376,Dr. Archana Malhotra,Oncologist,DEPT026,23,4.6
DOC00377,Dr. Amit Bose,Orthopedic Surgeon,DEPT034,19,4.7
DOC00378,Dr. Divya Dubey,Radiologist,DEPT016,2,4.6
DOC00379,Dr. Pooja Chopra,Pediatrician,DEPT005,33,4.2
DOC00381,Dr. Dinesh Kapoor,Gastroenterologist,DEPT034,8,3.8
DOC00382,Dr. Vinod Bose,Pediatrician,DEPT026,5,2.9
DOC00383,Dr. Suma Iyer,General Surgeon,DEPT036,30,4.8
DOC00384,Dr. Lokesh Sinha,General Surgeon,DEPT035,13,4.6
DOC00385,Dr. Vinod Kumar,Pathologist,DEPT015,1,3.8
DOC00386,Dr. Anita Nair,Dermatologist,DEPT044,3,4.4
DOC00387,Dr. Vinod Kumar,Oncologist,DEPT015,22,4.7
DOC00388,Dr. Girish Verma,Orthopedic Surgeon,DEPT014,23,3.3
DOC00389,Dr. Ashok Kapoor,Neurologist,DEPT034,10,3.9
DOC00391,Dr. Lakshmi Pandey,Radiologist,DEPT014,31,4.9
DOC00392,Dr. Rahul Saxena,Pediatrician,DEPT022,23,3.1
DOC00393,Dr. Amit Reddy,Dermatologist,DEPT033,24,2.9
DOC00394,Dr. Radha Pandey,Psychiatrist,DEPT019,11,4.9
DOC00395,Dr. Vivek Sinha,Dermatologist,DEPT016,9,4.7
DOC00396,Dr. Nalini Rao,Gastroenterologist,DEPT023,12,2.6
DOC00397,Dr. Shobha Reddy,Psychiatrist,DEPT003,4,4.0
DOC00398,Dr. Rahul Gupta,Orthopedic Surgeon,DEPT029,8,4.1
DOC00399,Dr. Sanjay Kapoor,General Surgeon,DEPT013,17,4.3
DOC00401,Dr. Dinesh Nair,Psychiatrist,DEPT024,7,4.0
DOC00402,Dr. Dinesh Yadav,Pediatrician,DEPT029,8,3.9
DOC00403,Dr. Naresh Mehta,Cardiologist,DEPT002,14,4.0
DOC00404,Dr. Girish Bose,General Surgeon,DEPT041,17,4.0
DOC00405,Dr. Kiran Saxena,General Surgeon,DEPT026,3,2.7
DOC00406,Dr. Ramesh Rao,Oncologist,DEPT012,5,2.9
DOC00407,Dr. Manjula Sharma,Cardiologist,DEPT017,3,3.2
DOC00408,Dr. Pooja Shukla,Emergency Physician,DEPT001,30,4.8
DOC00409,Dr. Usha Verma,Orthopedic Surgeon,DEPT011,14,3.7
DOC00411,Dr. Ashok Patel,Neurologist,DEPT043,25,4.0
DOC00412,Dr. Anita Gupta,Gynecologist,DEPT018,1,4.9
DOC00413,Dr. Rahul Kapoor,Pediatrician,DEPT043,22,2.8
DOC00414,Dr. Savita Gupta,Cardiologist,DEPT033,27,3.0
DOC00415,Dr. Vinod Verma,Neurologist,DEPT034,30,3.2
DOC00416,Dr. Girish Tiwari,Emergency Physician,DEPT039,16,4.8
DOC00417,Dr. Pradeep Joshi,Emergency Physician,DEPT039,5,4.3
DOC00418,Dr. Dinesh Menon,Radiologist,DEPT027,22,2.8
DOC00419,Dr. Asha Patel,Radiologist,DEPT009,28,2.7
DOC00421,Dr. Sandeep Singh,Orthopedic Surgeon,DEPT018,11,2.9
DOC00422,Dr. Ashok Dubey,Emergency Physician,DEPT017,28,4.8
DOC00423,Dr. Pradeep Saxena,Urologist,DEPT039,1,3.6
DOC00424,Dr. Nitin Kumar,Emergency Physician,DEPT008,22,4.7
DOC00425,Dr. Meena Sharma,Neurologist,DEPT019,26,4.6
DOC00426,Dr. Archana Joshi,Oncologist,DEPT029,4,4.9
DOC00427,Dr. Swati Kumar,Dermatologist,DEPT011,6,3.9
DOC00428,Dr. Lakshmi Malhotra,Gastroenterologist,DEPT009,1,3.2
DOC00429,Dr. Mahesh Shukla,Pediatrician,DEPT037,18,3.8
DOC00431,Dr. Sunita Mukherjee,Dermatologist,DEPT009,11,4.7
DOC00432,Dr. Dinesh Reddy,Oncologist,DEPT042,24,4.9
DOC00433,Dr. Rahul Agarwal,Urologist,DEPT023,3,3.5
DOC00434,Dr. Kiran Chatterjee,Pathologist,DEPT004,20,3.7
DOC00435,Dr. Sanjay Kapoor,Radiologist,DEPT012,23,4.5
DOC00436,Dr. Rahul Gupta,Oncologist,DEPT016,13,3.5
DOC00437,Dr. Nisha Singh,Urologist,DEPT031,25,3.1
DOC00438,Dr. Girish Chopra,Pathologist,DEPT012,3,3.2
DOC00439,Dr. Anil Mehta,Oncologist,DEPT006,8,3.7
DOC00441,Dr. Satish Sinha,Dermatologist,DEPT042,29,3.1
DOC00442,Dr. Kiran Malhotra,Neurologist,DEPT032,8,4.4
DOC00443,Dr. Swati Singh,General Surgeon,DEPT029,33,4.2
DOC00444,Dr. Divya Joshi,Intensivist,DEPT018,26,4.8
DOC00445,Dr. Pradeep Rao,Radiologist,DEPT041,21,4.4
DOC00446,Dr. Pradeep Nair,Cardiologist,DEPT016,6,3.6
DOC00447,Dr. Rajesh Iyer,Cardiologist,DEPT011,16,3.0
DOC00448,Dr. Vivek Kapoor,Cardiologist,DEPT019,5,3.1
DOC00449,Dr. Nisha Mishra,Pathologist,DEPT029,28,4.7
DOC00451,Dr. Pradeep Iyer,General Surgeon,DEPT007,9,4.1
DOC00452,Dr. Sandeep Agarwal,Oncologist,DEPT004,2,2.8
DOC00453,Dr. Asha Chopra,Intensivist,DEPT031,21,3.7
DOC00454,Dr. Kavita Sharma,Gynecologist,DEPT007,3,4.4
DOC00455,Dr. Umesh Iyer,Urologist,DEPT002,14,4.5
DOC00456,Dr. Vidya Rao,Neurologist,DEPT021,9,4.6
DOC00457,Dr. Vivek Iyer,Intensivist,DEPT005,22,4.8
DOC00458,Dr. Amit Menon,General Surgeon,DEPT021,12,3.7
DOC00459,Dr. Vandana Nair,Gastroenterologist,DEPT013,1,4.2
DOC00461,Dr. Savita Mukherjee,Emergency Physician,DEPT009,11,2.7
DOC00462,Dr. Shobha Menon,Oncologist,DEPT029,34,4.2
DOC00463,Dr. Dinesh Sinha,Emergency Physician,DEPT005,28,3.8
DOC00464,Dr. Kavita Agarwal,Urologist,DEPT037,32,3.0
DOC00465,Dr. Preeti Rao,Gynecologist,DEPT027,12,3.1
DOC00466,Dr. Mahesh Mishra,Urologist,DEPT022,32,4.3
DOC00467,Dr. Amit Gupta,Neurologist,DEPT036,34,3.1
DOC00468,Dr. Harish Agarwal,Emergency Physician,DEPT042,10,3.4
DOC00469,Dr. Nalini Sharma,Neurologist,DEPT008,30,3.4
DOC00471,Dr. Geeta Sinha,Gynecologist,DEPT032,15,4.4
DOC00472,Dr. Vinod Joshi,Oncologist,DEPT017,3,3.0
DOC00473,Dr. Vikram Shukla,Emergency Physician,DEPT035,10,2.7
DOC00474,Dr. Nitin Patel,Cardiologist,DEPT037,12,3.0
DOC00475,Dr. Naresh Shah,Gastroenterologist,DEPT042,2,4.3
DOC00476,Dr. Rekha Agarwal,Gynecologist,DEPT026,18,2.6
DOC00477,Dr. Prakash Reddy,Gastroenterologist,DEPT037,6,3.9
DOC00478,Dr. Pradeep Mehta,Gastroenterologist,DEPT039,32,3.8
DOC00479,Dr. Leela Joshi,Radiologist,DEPT014,15,3.4
DOC00481,Dr. Vikram Joshi,Pediatrician,DEPT031,18,3.4
DOC00482,Dr. Suma Rao,Neurologist,DEPT005,23,3.8
DOC00483,Dr. Arjun Malhotra,Pediatrician,DEPT042,17,2.7
DOC00484,Dr. Madhuri Rao,Oncologist,DEPT018,6,3.3
DOC00485,Dr. Usha Pandey,Oncologist,DEPT041,21,3.5
DOC00486,Dr. Arjun Mehta,Psychiatrist,DEPT027,3,2.9
DOC00487,Dr. Geeta Singh,Orthopedic Surgeon,DEPT013,23,3.8
DOC00488,Dr. Usha Pillai,Oncologist,DEPT018,5,3.3
DOC00489,Dr. Shobha Dubey,Neurologist,DEPT017,34,2.7
DOC00491,Dr. Arjun Verma,Radiologist,DEPT029,33,2.8
DOC00492,Dr. Asha Shukla,Pediatrician,DEPT026,25,3.3
DOC00493,Dr. Sunita Pillai,Pathologist,DEPT037,11,4.2
DOC00494,Dr. Savita Pandey,Pathologist,DEPT018,17,4.5
DOC00495,Dr. Anil Rao,Oncologist,DEPT005,33,3.7
DOC00496,Dr. Ravi Reddy,Emergency Physician,DEPT004,20,2.6
DOC00497,Dr. Kavita Shah,Radiologist,DEPT044,19,4.0
DOC00498,Dr. Naresh Shukla,Orthopedic Surgeon,DEPT034,19,4.8
DOC00499,Dr. Nisha Joshi,Neurologist,DEPT015,1,2.6
DOC00501,Dr. Vikram Saxena,General Surgeon,DEPT023,13,3.4
DOC00502,Dr. Vikram Menon,Pathologist,DEPT001,22,2.5
DOC00503,Dr. Usha Patel,Cardiologist,DEPT032,17,3.9
DOC00504,Dr. Preeti Tiwari,Pathologist,DEPT034,28,2.8
DOC00505,Dr. Meena Agarwal,Pediatrician,DEPT024,19,4.9
DOC00506,Dr. Pooja Menon,Emergency Physician,DEPT013,16,3.5
DOC00507,Dr. Ganesh Nair,Orthopedic Surgeon,DEPT033,29,4.1
DOC00508,Dr. Meena Pillai,Pediatrician,DEPT023,20,3.3
DOC00509,Dr. Deepak Mukherjee,Intensivist,DEPT016,11,3.3
DOC00511,Dr. Mahesh Singh,Pathologist,DEPT031,26,2.5
DOC00512,Dr. Harish Yadav,Orthopedic Surgeon,DEPT006,1,4.7
DOC00513,Dr. Anita Kapoor,Neurologist,DEPT015,25,3.2
DOC00514,Dr. Swati Sinha,Psychiatrist,DEPT038,33,3.1
DOC00515,Dr. Umesh Mishra,Orthopedic Surgeon,DEPT029,15,3.4
DOC00516,Dr. Vinod Chopra,Urologist,DEPT028,15,3.0
DOC00517,Dr. Asha Dubey,Gastroenterologist,DEPT009,28,3.3
DOC00518,Dr. Sanjay Joshi,Pathologist,DEPT016,3,3.2
DOC00519,Dr. Geeta Shah,Pathologist,DEPT026,18,4.9
DOC00521,Dr. Shobha Mukherjee,Orthopedic Surgeon,DEPT026,2,4.7
DOC00522,Dr. Arjun Sharma,Psychiatrist,DEPT027,3,3.2
DOC00523,Dr. Manjula Chopra,Oncologist,DEPT035,31,4.6
DOC00524,Dr. Dinesh Menon,Cardiologist,DEPT026,10,2.6
DOC00525,Dr. Shobha Yadav,Oncologist,DEPT009,24,3.9
DOC00526,Dr. Nitin Shah,Cardiologist,DEPT016,5,4.7
DOC00527,Dr. Anil Rao,Radiologist,DEPT015,31,3.0
DOC00528,Dr. Rahul Shukla,Dermatologist,DEPT019,17,2.9
DOC00529,Dr. Ravi Sinha,Dermatologist,DEPT008,6,4.5
DOC00531,Dr. Prakash Kumar,Urologist,DEPT003,2,4.1
DOC00532,Dr. Harish Mishra,General Surgeon,DEPT036,27,4.9
DOC00533,Dr. Radha Patel,Orthopedic Surgeon,DEPT009,33,2.9
DOC00534,Dr. Ravi Kapoor,Urologist,DEPT028,14,2.9
DOC00535,Dr. Naresh Kumar,Urologist,DEPT044,12,2.6
DOC00536,Dr. Rahul Menon,Orthopedic Surgeon,DEPT029,12,3.3
DOC00537,Dr. Nalini Singh,Oncologist,DEPT005,34,2.6
DOC00538,Dr. Satish Bose,Dermatologist,DEPT034,25,4.0
DOC00539,Dr. Naresh Saxena,Neurologist,DEPT042,27,2.7
DOC00541,Dr. Leela Shukla,Neurologist,DEPT033,21,3.6
DOC00542,Dr. Pooja Patel,Gastroenterologist,DEPT024,33,3.8
DOC00543,Dr. Preeti Dubey,Pediatrician,DEPT041,29,2.7
DOC00544,Dr. Ramesh Kapoor,Cardiologist,DEPT038,19,4.2
DOC00545,Dr. Suma Yadav,Intensivist,DEPT025,2,5.0
DOC00546,Dr. Pradeep Mukherjee,Intensivist,DEPT025,11,3.5
DOC00547,Dr. Manjula Nair,General Surgeon,DEPT031,11,3.8
DOC00548,Dr. Preeti Mukherjee,Pathologist,DEPT023,3,3.4
DOC00549,Dr. Mahesh Verma,Oncologist,DEPT013,32,4.9
DOC00551,Dr. Deepak Reddy,Pediatrician,DEPT034,32,4.6
DOC00552,Dr. Sneha Sinha,General Surgeon,DEPT002,16,4.9
DOC00553,Dr. Deepak Reddy,Psychiatrist,DEPT012,7,3.5
DOC00554,Dr. Sneha Singh,Oncologist,DEPT028,21,3.3
DOC00555,Dr. Anita Agarwal,Oncologist,DEPT026,23,2.5
DOC00556,Dr. Padma Chopra,Gynecologist,DEPT008,9,2.7
DOC00557,Dr. Vandana Tiwari,General Surgeon,DEPT021,18,4.9
DOC00558,Dr. Kavita Gupta,Orthopedic Surgeon,DEPT039,32,4.0
DOC00559,Dr. Asha Malhotra,Orthopedic Surgeon,DEPT015,8,3.6
DOC00561,Dr. Naresh Rao,Orthopedic Surgeon,DEPT017,10,2.9
DOC00562,Dr. Mahesh Pillai,General Surgeon,DEPT042,28,4.8
DOC00563,Dr. Ramesh Dubey,Dermatologist,DEPT014,32,2.6
DOC00564,Dr. Sandeep Reddy,Dermatologist,DEPT026,9,4.1
DOC00565,Dr. Anita Joshi,Pathologist,DEPT022,1,4.0
DOC00566,Dr. Sneha Joshi,Urologist,DEPT018,32,4.3
DOC00567,Dr. Padma Pillai,Gastroenterologist,DEPT012,24,4.4
DOC00568,Dr. Suma Mishra,Cardiologist,DEPT005,33,4.2
DOC00569,Dr. Archana Verma,Gastroenterologist,DEPT043,8,3.9
DOC00571,Dr. Vivek Menon,Orthopedic Surgeon,DEPT033,1,3.6
DOC00572,Dr. Geeta Mukherjee,Oncologist,DEPT042,31,4.5
DOC00573,Dr. Vikram Kumar,General Surgeon,DEPT003,28,2.8
DOC00574,Dr. Vinod Agarwal,Emergency Physician,DEPT014,21,3.2
DOC00575,Dr. Vikram Sharma,Oncologist,DEPT001,1,4.5
DOC00576,Dr. Divya Singh,Cardiologist,DEPT043,3,4.7
DOC00577,Dr. Kiran Iyer,Orthopedic Surgeon,DEPT038,7,4.2
DOC00578,Dr. Vivek Pillai,General Surgeon,DEPT029,14,2.6
DOC00579,Dr. Mahesh Menon,Dermatologist,DEPT039,29,4.6
DOC00581,Dr. Meena Kumar,Urologist,DEPT019,5,4.9
DOC00582,Dr. Naresh Iyer,Neurologist,DEPT002,21,3.7
DOC00583,Dr. Shobha Singh,Gastroenterologist,DEPT005,18,3.5
DOC00584,Dr. Anil Malhotra,Pediatrician,DEPT001,23,3.4
DOC00585,Dr. Sneha Shah,Emergency Physician,DEPT013,19,4.0
DOC00586,Dr. Priya Verma,Oncologist,DEPT006,32,2.9
DOC00587,Dr. Sushma Kapoor,Dermatologist,DEPT017,24,2.8
DOC00588,Dr. Prakash Pillai,Dermatologist,DEPT001,15,5.0
DOC00589,Dr. Lokesh Mukherjee,Radiologist,DEPT013,17,3.8
DOC00591,Dr. Pooja Reddy,General Surgeon,DEPT016,18,3.8
DOC00592,Dr. Anita Verma,Psychiatrist,DEPT013,8,3.3
DOC00593,Dr. Deepak Reddy,Neurologist,DEPT018,8,2.6
DOC00594,Dr. Vikram Saxena,Cardiologist,DEPT017,1,2.7
DOC00595,Dr. Priya Menon,Emergency Physician,DEPT002,22,2.6
DOC00596,Dr. Nisha Kumar,Psychiatrist,DEPT002,30,4.3
DOC00597,Dr. Ravi Menon,Intensivist,DEPT008,31,4.4
DOC00598,Dr. Asha Agarwal,Dermatologist,DEPT006,10,4.9
DOC00599,Dr. Vinod Reddy,Intensivist,DEPT006,10,5.0
DOC00601,Dr. Rahul Joshi,Cardiologist,DEPT014,2,2.9
DOC00602,Dr. Suma Pandey,Oncologist,DEPT011,21,2.5
DOC00603,Dr. Smita Chatterjee,Dermatologist,DEPT034,17,4.2
DOC00604,Dr. Ganesh Mehta,Orthopedic Surgeon,DEPT024,16,3.2
DOC00605,Dr. Shobha Patel,Neurologist,DEPT005,27,4.8
DOC00606,Dr. Shobha Reddy,Urologist,DEPT037,3,3.7
DOC00607,Dr. Suresh Gupta,Pathologist,DEPT025,20,3.6
DOC00608,Dr. Vikram Singh,Gynecologist,DEPT023,6,3.6
DOC00609,Dr. Harish Saxena,Neurologist,DEPT021,14,3.3
DOC00611,Dr. Padma Gupta,Neurologist,DEPT029,3,3.9
DOC00612,Dr. Sneha Agarwal,Dermatologist,DEPT034,33,3.0
DOC00613,Dr. Geeta Sinha,Emergency Physician,DEPT018,32,4.9
DOC00614,Dr. Radha Gupta,Dermatologist,DEPT024,12,4.5
DOC00615,Dr. Lokesh Kapoor,Neurologist,DEPT004,23,4.6
DOC00616,Dr. Satish Mukherjee,Orthopedic Surgeon,DEPT006,1,4.9
DOC00617,Dr. Pradeep Kapoor,Orthopedic Surgeon,DEPT018,22,4.2
DOC00618,Dr. Harish Nair,Psychiatrist,DEPT012,2,4.8
DOC00619,Dr. Archana Saxena,Orthopedic Surgeon,DEPT018,15,4.3
DOC00621,Dr. Satish Shah,Gynecologist,DEPT006,19,3.7
DOC00622,Dr. Sandeep Shah,Emergency Physician,DEPT005,11,2.6
DOC00623,Dr. Asha Saxena,Urologist,DEPT044,7,3.8
DOC00624,Dr. Leela Yadav,Oncologist,DEPT004,11,3.8
DOC00625,Dr. Manjula Bose,Cardiologist,DEPT018,27,4.3
DOC00626,Dr. Smita Sharma,Dermatologist,DEPT009,15,4.7
DOC00627,Dr. Geeta Pandey,Psychiatrist,DEPT024,8,4.1
DOC00628,Dr. Satish Joshi,Radiologist,DEPT024,30,2.7
DOC00629,Dr. Usha Menon,Cardiologist,DEPT036,31,2.7
DOC00631,Dr. Vandana Saxena,Radiologist,DEPT035,25,4.7
DOC00632,Dr. Vikram Sharma,Pathologist,DEPT011,9,4.7
DOC00633,Dr. Vinod Saxena,Dermatologist,DEPT014,26,3.5
DOC00634,Dr. Anil Tiwari,Emergency Physician,DEPT043,32,2.7
DOC00635,Dr. Vikram Kumar,Psychiatrist,DEPT039,25,2.8
DOC00636,Dr. Asha Verma,Oncologist,DEPT004,15,2.8
DOC00637,Dr. Archana Verma,Dermatologist,DEPT011,16,4.8
DOC00638,Dr. Ajay Dubey,General Surgeon,DEPT031,11,3.5
DOC00639,Dr. Umesh Yadav,Gynecologist,DEPT027,34,3.7
DOC00641,Dr. Mohan Patel,Oncologist,DEPT021,11,4.5
DOC00642,Dr. Swati Saxena,Orthopedic Surgeon,DEPT002,28,3.1
DOC00643,Dr. Usha Singh,Gastroenterologist,DEPT016,30,3.8
DOC00644,Dr. Amit Singh,Gynecologist,DEPT022,32,3.9
DOC00645,Dr. Ganesh Saxena,Cardiologist,DEPT005,9,3.5
DOC00646,Dr. Asha Patel,Gastroenterologist,DEPT034,9,2.8
DOC00647,Dr. Asha Agarwal,Emergency Physician,DEPT007,24,3.6
DOC00648,Dr. Suresh Kumar,Dermatologist,DEPT005,17,2.8
DOC00649,Dr. Dinesh Agarwal,Intensivist,DEPT042,6,3.3
DOC00651,Dr. Ramesh Mishra,Oncologist,DEPT011,32,3.5
DOC00652,Dr. Arjun Rao,Gynecologist,DEPT014,13,3.0
DOC00653,Dr. Vivek Verma,Urologist,DEPT032,20,5.0
DOC00654,Dr. Savita Saxena,Emergency Physician,DEPT033,4,4.2
DOC00655,Dr. Vinod Mukherjee,General Surgeon,DEPT016,13,4.8
DOC00656,Dr. Vivek Menon,Neurologist,DEPT044,13,4.8
DOC00657,Dr. Madhuri Mehta,Dermatologist,DEPT006,6,3.2
DOC00658,Dr. Ravi Dubey,Radiologist,DEPT034,17,2.9
DOC00659,Dr. Nitin Tiwari,Gynecologist,DEPT041,5,5.0
DOC00661,Dr. Ajay Nair,Dermatologist,DEPT031,27,3.8
DOC00662,Dr. Nalini Patel,Urologist,DEPT009,18,4.2
DOC00663,Dr. Divya Reddy,Radiologist,DEPT001,22,4.7
DOC00664,Dr. Ravi Nair,Neurologist,DEPT014,5,3.3
DOC00665,Dr. Dinesh Verma,Pediatrician,DEPT042,19,4.0
DOC00666,Dr. Nitin Singh,Gastroenterologist,DEPT015,34,3.2
DOC00667,Dr. Naresh Yadav,Urologist,DEPT007,4,3.0
DOC00668,Dr. Nitin Pillai,Psychiatrist,DEPT033,15,2.6
DOC00669,Dr. Umesh Mukherjee,Pediatrician,DEPT017,4,3.1
DOC00671,Dr. Rajesh Joshi,Psychiatrist,DEPT018,7,3.1
DOC00672,Dr. Smita Iyer,Cardiologist,DEPT036,23,4.4
DOC00673,Dr. Suresh Agarwal,Urologist,DEPT031,30,3.8
DOC00674,Dr. Manjula Shukla,Radiologist,DEPT037,8,4.4
DOC00675,Dr. Sushma Shukla,Gastroenterologist,DEPT038,2,3.2
DOC00676,Dr. Ramesh Rao,Dermatologist,DEPT024,14,3.0
DOC00677,Dr. Lokesh Shah,Dermatologist,DEPT004,20,3.9
DOC00678,Dr. Archana Patel,Gynecologist,DEPT002,5,3.2
DOC00679,Dr. Prakash Sharma,General Surgeon,DEPT016,17,4.4
DOC00681,Dr. Vivek Gupta,Neurologist,DEPT002,12,3.5
DOC00682,Dr. Kiran Mukherjee,Intensivist,DEPT016,20,3.2
DOC00683,Dr. Satish Agarwal,Intensivist,DEPT036,9,4.4
DOC00684,Dr. Ashok Kumar,Gastroenterologist,DEPT021,16,3.0
DOC00685,Dr. Dinesh Tiwari,Gynecologist,DEPT015,27,4.3
DOC00686,Dr. Asha Verma,Dermatologist,DEPT033,4,3.5
DOC00687,Dr. Ramesh Mukherjee,Gastroenterologist,DEPT044,26,2.7
DOC00688,Dr. Umesh Chopra,Pathologist,DEPT014,29,4.1
DOC00689,Dr. Archana Mishra,Pediatrician,DEPT013,3,4.0
DOC00691,Dr. Ashok Tiwari,Urologist,DEPT015,34,2.7
DOC00692,Dr. Vandana Iyer,General Surgeon,DEPT022,31,3.7
DOC00693,Dr. Ashok Agarwal,Pathologist,DEPT018,23,3.7
DOC00694,Dr. Pooja Mukherjee,Gynecologist,DEPT009,26,4.3
DOC00695,Dr. Vivek Dubey,Gynecologist,DEPT012,23,3.0
DOC00696,Dr. Nalini Menon,Oncologist,DEPT004,8,3.9
DOC00697,Dr. Anil Iyer,Oncologist,DEPT016,25,5.0
DOC00698,Dr. Preeti Mukherjee,Dermatologist,DEPT033,32,2.5
DOC00699,Dr. Sandeep Mishra,Dermatologist,DEPT024,11,4.3
DOC00701,Dr. Sneha Pandey,Dermatologist,DEPT022,16,3.4
DOC00702,Dr. Meena Sinha,Pediatrician,DEPT028,32,3.7
DOC00703,Dr. Deepak Kumar,Dermatologist,DEPT023,26,3.2
DOC00704,Dr. Madhuri Joshi,Gastroenterologist,DEPT037,23,3.7
DOC00705,Dr. Geeta Gupta,Gastroenterologist,DEPT022,23,3.7
DOC00706,Dr. Prakash Saxena,Orthopedic Surgeon,DEPT004,32,4.8
DOC00707,Dr. Amit Kapoor,Orthopedic Surgeon,DEPT043,31,4.7
DOC00708,Dr. Vikram Sharma,Orthopedic Surgeon,DEPT023,5,4.8
DOC00709,Dr. Naresh Mehta,General Surgeon,DEPT006,6,4.9
DOC00711,Dr. Radha Agarwal,Radiologist,DEPT021,29,3.5
DOC00712,Dr. Arjun Kumar,Pathologist,DEPT004,16,4.5
DOC00713,Dr. Harish Shah,Orthopedic Surgeon,DEPT023,17,4.7
DOC00714,Dr. Sandeep Saxena,Psychiatrist,DEPT036,22,2.8
DOC00715,Dr. Smita Pillai,Radiologist,DEPT017,3,4.3
DOC00716,Dr. Asha Mehta,General Surgeon,DEPT011,22,3.9
DOC00717,Dr. Leela Pandey,Psychiatrist,DEPT013,30,3.0
DOC00718,Dr. Suma Dubey,Psychiatrist,DEPT017,5,4.1
DOC00719,Dr. Vandana Malhotra,Gynecologist,DEPT033,22,4.2
DOC00721,Dr. Rajesh Agarwal,Psychiatrist,DEPT002,8,4.1
DOC00722,Dr. Sanjay Mishra,Urologist,DEPT014,21,2.5
DOC00723,Dr. Girish Singh,Cardiologist,DEPT023,21,4.8
DOC00724,Dr. Pooja Shukla,Intensivist,DEPT008,21,3.4
DOC00725,Dr. Girish Agarwal,Gynecologist,DEPT036,15,4.5
DOC00726,Dr. Ganesh Mehta,Dermatologist,DEPT037,3,2.9
DOC00727,Dr. Arjun Menon,Intensivist,DEPT026,9,4.0
DOC00728,Dr. Radha Sinha,Dermatologist,DEPT034,8,2.6
DOC00729,Dr. Padma Reddy,Gynecologist,DEPT037,23,3.9
DOC00731,Dr. Lakshmi Dubey,Gynecologist,DEPT022,14,4.1
DOC00732,Dr. Umesh Bose,Dermatologist,DEPT005,14,3.5
DOC00733,Dr. Kavita Verma,Emergency Physician,DEPT007,25,4.3
DOC00734,Dr. Amit Reddy,Gastroenterologist,DEPT005,15,3.7
DOC00735,Dr. Nisha Mukherjee,Intensivist,DEPT044,17,2.6
DOC00736,Dr. Ganesh Pillai,Intensivist,DEPT027,7,2.6
DOC00737,Dr. Amit Tiwari,Oncologist,DEPT031,29,2.6
DOC00738,Dr. Arjun Agarwal,Orthopedic Surgeon,DEPT034,5,3.3
DOC00739,Dr. Savita Mukherjee,Gynecologist,DEPT005,4,4.8
DOC00741,Dr. Harish Chopra,Gynecologist,DEPT018,20,3.3
DOC00742,Dr. Mohan Reddy,Gastroenterologist,DEPT036,12,4.5
DOC00743,Dr. Dinesh Saxena,Dermatologist,DEPT016,31,4.1
DOC00744,Dr. Vinod Rao,Emergency Physician,DEPT032,17,4.3
DOC00745,Dr. Sneha Gupta,Gynecologist,DEPT023,3,4.1
DOC00746,Dr. Vikram Sharma,General Surgeon,DEPT034,11,3.0
DOC00747,Dr. Lokesh Mehta,Psychiatrist,DEPT029,9,4.7
DOC00748,Dr. Leela Rao,Gastroenterologist,DEPT026,3,3.5
DOC00749,Dr. Kavita Iyer,Intensivist,DEPT038,32,4.8
DOC00751,Dr. Deepak Mukherjee,Dermatologist,DEPT032,6,2.5
DOC00752,Dr. Madhuri Shah,Pediatrician,DEPT023,7,2.8
DOC00753,Dr. Rajesh Kumar,Cardiologist,DEPT044,9,2.8
DOC00754,Dr. Sunita Shukla,Pediatrician,DEPT004,33,4.3
DOC00755,Dr. Nisha Bose,Radiologist,DEPT007,20,2.8
DOC00756,Dr. Archana Iyer,General Surgeon,DEPT033,25,3.6
DOC00757,Dr. Rekha Rao,Cardiologist,DEPT006,22,3.8
DOC00758,Dr. Nalini Yadav,Oncologist,DEPT019,34,3.8
DOC00759,Dr. Geeta Chopra,Psychiatrist,DEPT009,30,3.2
DOC00761,Dr. Swati Chatterjee,Dermatologist,DEPT003,11,4.7
DOC00762,Dr. Swati Yadav,Radiologist,DEPT039,20,3.6
DOC00763,Dr. Naresh Malhotra,Intensivist,DEPT009,26,2.9
DOC00764,Dr. Girish Shah,Intensivist,DEPT005,22,3.9
DOC00765,Dr. Geeta Sinha,General Surgeon,DEPT033,28,2.8
DOC00766,Dr. Arjun Shukla,Pediatrician,DEPT044,21,4.2
DOC00767,Dr. Sneha Rao,Radiologist,DEPT003,24,2.9
DOC00768,Dr. Vivek Mishra,Neurologist,DEPT022,4,4.7
DOC00769,Dr. Sanjay Menon,Emergency Physician,DEPT005,27,2.7
DOC00771,Dr. Leela Kapoor,Pathologist,DEPT024,23,3.3
DOC00772,Dr. Lokesh Joshi,Orthopedic Surgeon,DEPT031,30,3.0
DOC00773,Dr. Anita Patel,Oncologist,DEPT037,27,3.9
DOC00774,Dr. Suma Mishra,Emergency Physician,DEPT006,31,3.5
DOC00775,Dr. Rekha Mukherjee,Intensivist,DEPT011,22,3.6
DOC00776,Dr. Asha Pillai,Gastroenterologist,DEPT028,10,3.6
DOC00777,Dr. Arjun Nair,Radiologist,DEPT007,28,4.0
DOC00778,Dr. Asha Joshi,General Surgeon,DEPT004,3,3.2
DOC00779,Dr. Suresh Pillai,Cardiologist,DEPT003,24,3.3
DOC00781,Dr. Sandeep Reddy,Pediatrician,DEPT021,12,3.1
DOC00782,Dr. Savita Shukla,Emergency Physician,DEPT009,19,2.9
DOC00783,Dr. Satish Shah,Oncologist,DEPT037,32,4.1
DOC00784,Dr. Meena Menon,Pediatrician,DEPT007,33,4.8
DOC00785,Dr. Preeti Shukla,Neurologist,DEPT005,16,4.8
DOC00786,Dr. Satish Kapoor,Urologist,DEPT023,31,4.9
DOC00787,Dr. Prakash Yadav,Psychiatrist,DEPT012,16,2.8
DOC00788,Dr. Nitin Tiwari,Radiologist,DEPT038,16,4.3
DOC00789,Dr. Rahul Pandey,Intensivist,DEPT043,12,2.7
DOC00791,Dr. Leela Kapoor,Gynecologist,DEPT029,10,4.5
DOC00792,Dr. Suresh Gupta,Pathologist,DEPT012,17,4.6
DOC00793,Dr. Umesh Kumar,Dermatologist,DEPT017,33,3.7
DOC00794,Dr. Kiran Verma,Orthopedic Surgeon,DEPT013,13,5.0
DOC00795,Dr. Satish Kumar,Oncologist,DEPT027,15,3.7
DOC00796,Dr. Pooja Bose,Orthopedic Surgeon,DEPT031,12,3.9
DOC00797,Dr. Vinod Malhotra,Gynecologist,DEPT024,30,3.3
DOC00798,Dr. Meena Yadav,Gynecologist,DEPT026,19,4.5
DOC00799,Dr. Girish Pillai,Cardiologist,DEPT008,17,3.9
DOC00801,Dr. Vivek Yadav,Intensivist,DEPT017,22,3.8
DOC00802,Dr. Sanjay Mehta,Gastroenterologist,DEPT033,26,3.6
DOC00803,Dr. Leela Patel,Psychiatrist,DEPT039,11,4.4
DOC00804,Dr. Mahesh Agarwal,Neurologist,DEPT008,28,2.7
DOC00805,Dr. Priya Menon,Intensivist,DEPT006,18,4.1
DOC00806,Dr. Harish Saxena,Pediatrician,DEPT018,8,2.7
DOC00807,Dr. Madhuri Singh,Emergency Physician,DEPT027,23,3.0
DOC00808,Dr. Nitin Dubey,Neurologist,DEPT034,28,2.6
DOC00809,Dr. Anita Nair,Emergency Physician,DEPT016,4,3.8
DOC00811,Dr. Asha Kumar,Neurologist,DEPT013,14,4.9
DOC00812,Dr. Ganesh Sinha,Orthopedic Surgeon,DEPT043,10,3.0
DOC00813,Dr. Nitin Dubey,Emergency Physician,DEPT021,26,2.8
DOC00814,Dr. Dinesh Saxena,Psychiatrist,DEPT033,15,3.8
DOC00815,Dr. Sanjay Mishra,Gastroenterologist,DEPT028,14,2.6
DOC00816,Dr. Kiran Verma,General Surgeon,DEPT014,9,3.4
DOC00817,Dr. Divya Rao,Psychiatrist,DEPT009,21,3.6
DOC00818,Dr. Usha Mishra,Psychiatrist,DEPT014,31,2.7
DOC00819,Dr. Pradeep Malhotra,Intensivist,DEPT035,21,4.7
DOC00821,Dr. Amit Agarwal,Pediatrician,DEPT007,17,3.5
DOC00822,Dr. Suresh Mishra,Radiologist,DEPT036,33,4.0
DOC00823,Dr. Girish Joshi,Emergency Physician,DEPT024,26,2.8
DOC00824,Dr. Prakash Patel,Psychiatrist,DEPT017,4,4.9
DOC00825,Dr. Anita Shah,Pathologist,DEPT002,22,3.0
DOC00826,Dr. Suma Shah,Dermatologist,DEPT018,6,3.7
DOC00827,Dr. Vikram Shah,General Surgeon,DEPT036,34,2.7
DOC00828,Dr. Arjun Verma,Orthopedic Surgeon,DEPT034,9,2.9
DOC00829,Dr. Lokesh Bose,Gastroenterologist,DEPT011,30,2.8
DOC00831,Dr. Leela Verma,Gastroenterologist,DEPT044,14,3.5
DOC00832,Dr. Vidya Chatterjee,Neurologist,DEPT023,30,2.7
DOC00833,Dr. Preeti Kumar,Intensivist,DEPT023,34,3.7
DOC00834,Dr. Smita Tiwari,Pathologist,DEPT013,13,3.9
DOC00835,Dr. Leela Patel,Cardiologist,DEPT024,12,3.0
DOC00836,Dr. Mohan Agarwal,Cardiologist,DEPT014,2,4.4
DOC00837,Dr. Dinesh Reddy,Gastroenterologist,DEPT029,22,2.7
DOC00838,Dr. Rajesh Malhotra,Neurologist,DEPT004,28,3.9
DOC00839,Dr. Dinesh Singh,Oncologist,DEPT001,29,4.5
DOC00841,Dr. Asha Sharma,Orthopedic Surgeon,DEPT016,34,4.0
DOC00842,Dr. Umesh Kumar,Radiologist,DEPT041,2,2.5
DOC00843,Dr. Sushma Tiwari,General Surgeon,DEPT025,13,2.7
DOC00844,Dr. Vivek Reddy,Dermatologist,DEPT001,26,2.6
DOC00845,Dr. Ramesh Sharma,Gynecologist,DEPT018,7,2.8
DOC00846,Dr. Prakash Pillai,Pediatrician,DEPT043,11,3.8
DOC00847,Dr. Anita Bose,Urologist,DEPT003,26,4.9
DOC00848,Dr. Anita Yadav,Emergency Physician,DEPT003,20,3.4
DOC00849,Dr. Naresh Mehta,Gynecologist,DEPT023,23,4.5
DOC00851,Dr. Vidya Shah,Oncologist,DEPT016,18,3.2
DOC00852,Dr. Arjun Sinha,Pathologist,DEPT023,30,4.9
DOC00853,Dr. Ajay Sinha,Urologist,DEPT019,33,3.5
DOC00854,Dr. Manjula Dubey,Gastroenterologist,DEPT026,7,3.0
DOC00855,Dr. Suresh Patel,Dermatologist,DEPT022,17,3.0
DOC00856,Dr. Nisha Kapoor,Pathologist,DEPT026,14,2.8
DOC00857,Dr. Arjun Mehta,Gynecologist,DEPT044,15,2.7
DOC00858,Dr. Mohan Sinha,Intensivist,DEPT025,2,4.8
DOC00859,Dr. Ganesh Patel,Neurologist,DEPT028,31,4.3
DOC00861,Dr. Suresh Kumar,Psychiatrist,DEPT027,18,2.9
DOC00862,Dr. Pradeep Pandey,Dermatologist,DEPT021,34,4.0
DOC00863,Dr. Shobha Pandey,Psychiatrist,DEPT008,1,3.7
DOC00864,Dr. Vidya Verma,Pediatrician,DEPT016,20,2.7
DOC00865,Dr. Harish Tiwari,Gynecologist,DEPT001,29,5.0
DOC00866,Dr. Rekha Pandey,Intensivist,DEPT029,6,3.1
DOC00867,Dr. Divya Agarwal,Oncologist,DEPT041,21,3.9
DOC00868,Dr. Manjula Chopra,Pathologist,DEPT017,20,3.4
DOC00869,Dr. Suma Gupta,General Surgeon,DEPT004,2,3.7
DOC00871,Dr. Anita Tiwari,Emergency Physician,DEPT012,16,5.0
DOC00872,Dr. Vikram Sharma,Radiologist,DEPT011,16,4.4
DOC00873,Dr. Leela Yadav,Pediatrician,DEPT022,18,3.1
DOC00874,Dr. Usha Joshi,Pediatrician,DEPT018,10,4.3
DOC00875,Dr. Vinod Reddy,Emergency Physician,DEPT036,26,3.7
DOC00876,Dr. Nalini Bose,Pediatrician,DEPT023,34,3.1
DOC00877,Dr. Lakshmi Rao,Gynecologist,DEPT027,3,3.9
DOC00878,Dr. Archana Chopra,Urologist,DEPT031,1,3.1
DOC00879,Dr. Rajesh Kumar,Gynecologist,DEPT022,29,4.5
DOC00881,Dr. Kavita Rao,Gynecologist,DEPT009,1,3.2
DOC00882,Dr. Meena Agarwal,Intensivist,DEPT017,9,2.7
DOC00883,Dr. Manjula Shah,Pathologist,DEPT038,7,4.7
DOC00884,Dr. Shobha Gupta,Dermatologist,DEPT024,29,2.9
DOC00885,Dr. Vandana Mishra,Gynecologist,DEPT004,29,4.3
DOC00886,Dr. Vikram Menon,Cardiologist,DEPT025,33,4.7
DOC00887,Dr. Smita Shukla,Psychiatrist,DEPT013,18,4.3
DOC00888,Dr. Lakshmi Malhotra,Gynecologist,DEPT023,22,4.9
DOC00889,Dr. Priya Yadav,Radiologist,DEPT009,34,3.2
DOC00891,Dr. Umesh Joshi,Radiologist,DEPT038,8,3.4
DOC00892,Dr. Suma Iyer,Emergency Physician,DEPT004,5,4.1
DOC00893,Dr. Mohan Shah,Urologist,DEPT039,6,2.8
DOC00894,Dr. Suma Iyer,Cardiologist,DEPT033,31,5.0
DOC00895,Dr. Divya Tiwari,Cardiologist,DEPT024,30,4.1
DOC00896,Dr. Pradeep Gupta,Psychiatrist,DEPT034,34,4.2
DOC00897,Dr. Ajay Saxena,Gastroenterologist,DEPT033,6,4.0
DOC00898,Dr. Suma Shukla,Psychiatrist,DEPT015,25,3.8
DOC00899,Dr. Umesh Kumar,Gynecologist,DEPT024,1,3.0
DOC00901,Dr. Padma Pillai,Oncologist,DEPT026,17,2.8
DOC00902,Dr. Ganesh Shukla,Pathologist,DEPT017,17,3.1
DOC00903,Dr. Leela Dubey,Intensivist,DEPT005,13,2.6
DOC00904,Dr. Savita Chatterjee,Radiologist,DEPT007,23,4.1
DOC00905,Dr. Kiran Bose,Pediatrician,DEPT008,4,3.0
DOC00906,Dr. Nisha Shukla,Dermatologist,DEPT023,21,4.8
DOC00907,Dr. Vidya Iyer,Pathologist,DEPT002,5,2.8
DOC00908,Dr. Vikram Sinha,Psychiatrist,DEPT002,7,3.3
DOC00909,Dr. Girish Nair,Neurologist,DEPT016,15,4.6
DOC00911,Dr. Vandana Dubey,Urologist,DEPT026,7,4.1
DOC00912,Dr. Deepak Chopra,General Surgeon,DEPT005,8,3.5
DOC00913,Dr. Kiran Shukla,Urologist,DEPT044,7,4.3
DOC00914,Dr. Rahul Iyer,Radiologist,DEPT005,34,3.5
DOC00915,Dr. Ravi Kapoor,Cardiologist,DEPT035,12,2.9
DOC00916,Dr. Umesh Mukherjee,Emergency Physician,DEPT004,25,4.9
DOC00917,Dr. Ravi Pillai,Radiologist,DEPT014,16,4.7
DOC00918,Dr. Amit Nair,Neurologist,DEPT033,16,4.3
DOC00919,Dr. Naresh Tiwari,Cardiologist,DEPT028,16,3.2
DOC00921,Dr. Ajay Pillai,Psychiatrist,DEPT022,2,3.8
DOC00922,Dr. Dinesh Mukherjee,Psychiatrist,DEPT034,8,2.7
DOC00923,Dr. Pooja Verma,Pediatrician,DEPT027,34,2.6
DOC00924,Dr. Manjula Rao,Neurologist,DEPT022,30,4.9
DOC00925,Dr. Savita Agarwal,Orthopedic Surgeon,DEPT041,27,3.5
DOC00926,Dr. Rahul Kumar,General Surgeon,DEPT034,28,3.0
DOC00927,Dr. Arjun Rao,Psychiatrist,DEPT023,15,4.5
DOC00928,Dr. Vinod Sharma,General Surgeon,DEPT025,4,3.8
DOC00929,Dr. Amit Malhotra,Pathologist,DEPT022,28,4.2
DOC00931,Dr. Manjula Pillai,Cardiologist,DEPT025,17,2.8
DOC00932,Dr. Sneha Saxena,Intensivist,DEPT041,13,3.6
DOC00933,Dr. Geeta Singh,Neurologist,DEPT007,17,3.5
DOC00934,Dr. Swati Pillai,Urologist,DEPT043,8,3.2
DOC00935,Dr. Rekha Gupta,General Surgeon,DEPT042,8,2.9
DOC00936,Dr. Lakshmi Nair,Gynecologist,DEPT037,14,4.7
DOC00937,Dr. Usha Patel,Pediatrician,DEPT005,12,4.4
DOC00938,Dr. Vikram Chatterjee,Gynecologist,DEPT034,19,3.9
DOC00939,Dr. Girish Chopra,Dermatologist,DEPT032,10,3.2
DOC00941,Dr. Ganesh Saxena,Orthopedic Surgeon,DEPT029,10,4.1
DOC00942,Dr. Padma Menon,Pediatrician,DEPT001,3,3.5
DOC00943,Dr. Vidya Singh,Dermatologist,DEPT016,34,2.5
DOC00944,Dr. Sunita Gupta,Pathologist,DEPT015,5,4.1
DOC00945,Dr. Sandeep Agarwal,Cardiologist,DEPT015,3,4.2
DOC00946,Dr. Lokesh Sinha,Intensivist,DEPT026,31,4.9
DOC00947,Dr. Rajesh Chopra,Pathologist,DEPT038,25,4.6
DOC00948,Dr. Savita Iyer,Intensivist,DEPT026,6,2.7
DOC00949,Dr. Pooja Reddy,Gynecologist,DEPT008,3,3.3
DOC00951,Dr. Pradeep Rao,Oncologist,DEPT041,9,2.6
DOC00952,Dr. Kiran Kapoor,Dermatologist,DEPT003,3,2.7
DOC00953,Dr. Lokesh Verma,Gynecologist,DEPT033,25,3.7
DOC00954,Dr. Ravi Tiwari,Gynecologist,DEPT042,25,3.0
DOC00955,Dr. Swati Bose,Intensivist,DEPT041,11,2.7
DOC00956,Dr. Anil Mishra,Radiologist,DEPT031,26,4.1
DOC00957,Dr. Nisha Sinha,Urologist,DEPT002,8,4.8
DOC00958,Dr. Vandana Pillai,Emergency Physician,DEPT009,24,4.6
DOC00959,Dr. Prakash Singh,Urologist,DEPT031,20,2.6
DOC00961,Dr. Mahesh Gupta,Psychiatrist,DEPT006,3,3.2
DOC00962,Dr. Mahesh Bose,Pediatrician,DEPT013,10,2.6
DOC00963,Dr. Ashok Iyer,Emergency Physician,DEPT037,22,3.6
DOC00964,Dr. Vidya Sinha,Neurologist,DEPT021,9,4.8
DOC00965,Dr. Shobha Tiwari,Gastroenterologist,DEPT036,32,3.0
DOC00966,Dr. Madhuri Verma,General Surgeon,DEPT025,28,4.3
DOC00967,Dr. Umesh Iyer,Radiologist,DEPT007,3,3.7
DOC00968,Dr. Vinod Malhotra,Gastroenterologist,DEPT016,22,3.8
DOC00969,Dr. Harish Kumar,Cardiologist,DEPT043,25,4.6
DOC00971,Dr. Kavita Saxena,Dermatologist,DEPT004,4,3.3
DOC00972,Dr. Nalini Sharma,Pathologist,DEPT016,23,3.3
DOC00973,Dr. Shobha Mishra,Emergency Physician,DEPT026,30,4.3
DOC00974,Dr. Sandeep Bose,Psychiatrist,DEPT031,26,2.9
DOC00975,Dr. Mahesh Kumar,Neurologist,DEPT012,31,2.8
DOC00976,Dr. Harish Verma,Orthopedic Surgeon,DEPT027,9,3.5
DOC00977,Dr. Ashok Chatterjee,Pathologist,DEPT005,23,3.5
DOC00978,Dr. Shobha Malhotra,Dermatologist,DEPT029,7,3.3
DOC00979,Dr. Sanjay Mehta,Psychiatrist,DEPT014,6,3.1
DOC00981,Dr. Arjun Gupta,Cardiologist,DEPT023,24,4.7
DOC00982,Dr. Divya Mishra,Neurologist,DEPT022,33,3.5
DOC00983,Dr. Sneha Bose,Pediatrician,DEPT024,32,3.3
DOC00984,Dr. Ashok Kapoor,Urologist,DEPT036,5,4.5
DOC00985,Dr. Anil Mukherjee,Pathologist,DEPT013,17,4.6
DOC00986,Dr. Satish Shukla,Neurologist,DEPT035,3,4.3
DOC00987,Dr. Nisha Chatterjee,Gynecologist,DEPT038,6,4.9
DOC00988,Dr. Vivek Singh,Pediatrician,DEPT036,23,2.8
DOC00989,Dr. Amit Rao,Psychiatrist,DEPT001,30,3.6
DOC00991,Dr. Pradeep Iyer,Cardiologist,DEPT011,25,4.5
DOC00992,Dr. Kavita Shah,General Surgeon,DEPT043,21,4.9
DOC00993,Dr. Satish Reddy,Pediatrician,DEPT027,21,3.0
DOC00994,Dr. Harish Joshi,Intensivist,DEPT039,19,4.4
DOC00995,Dr. Prakash Sharma,Dermatologist,DEPT012,2,3.0
DOC00996,Dr. Ravi Mishra,Emergency Physician,DEPT013,15,3.5
DOC00997,Dr. Ashok Sharma,Urologist,DEPT002,25,4.4
DOC00998,Dr. Radha Joshi,Neurologist,DEPT039,6,4.4
DOC00999,Dr. Sanjay Verma,Pediatrician,DEPT008,33,2.6
DOC01001,Dr. Nisha Gupta,Pediatrician,DEPT041,5,3.1
DOC01002,Dr. Rekha Yadav,Psychiatrist,DEPT026,21,4.9
DOC01003,Dr. Dinesh Iyer,Radiologist,DEPT004,32,3.9
DOC01004,Dr. Nisha Menon,Orthopedic Surgeon,DEPT004,33,3.9
DOC01005,Dr. Rahul Kapoor,General Surgeon,DEPT015,30,3.1
DOC01006,Dr. Manjula Dubey,Emergency Physician,DEPT036,11,3.6
DOC01007,Dr. Amit Kumar,Psychiatrist,DEPT002,28,3.2
DOC01008,Dr. Smita Agarwal,Radiologist,DEPT036,24,2.8
DOC01009,Dr. Vandana Joshi,Intensivist,DEPT015,11,3.2
DOC01011,Dr. Rahul Tiwari,Oncologist,DEPT036,18,3.9
DOC01012,Dr. Geeta Yadav,Gynecologist,DEPT033,22,3.8
DOC01013,Dr. Anita Mukherjee,Pediatrician,DEPT011,9,3.8
DOC01014,Dr. Lakshmi Joshi,Emergency Physician,DEPT039,11,3.4
DOC01015,Dr. Padma Bose,Intensivist,DEPT015,4,3.6
DOC01016,Dr. Sanjay Saxena,Emergency Physician,DEPT011,31,4.7
DOC01017,Dr. Rekha Malhotra,Intensivist,DEPT011,3,4.8
DOC01018,Dr. Pooja Reddy,Dermatologist,DEPT032,1,4.7
DOC01019,Dr. Savita Verma,Radiologist,DEPT002,22,3.1
DOC01021,Dr. Mahesh Pillai,Pediatrician,DEPT031,34,4.1
DOC01022,Dr. Priya Rao,Oncologist,DEPT009,24,4.4
DOC01023,Dr. Ashok Mukherjee,Orthopedic Surgeon,DEPT043,6,3.3
DOC01024,Dr. Mahesh Tiwari,Psychiatrist,DEPT018,20,3.7
DOC01025,Dr. Umesh Malhotra,Psychiatrist,DEPT043,3,4.6
DOC01026,Dr. Swati Tiwari,General Surgeon,DEPT019,27,4.3
DOC01027,Dr. Vandana Dubey,Radiologist,DEPT016,6,4.3
DOC01028,Dr. Divya Malhotra,Pathologist,DEPT029,12,2.7
DOC01029,Dr. Harish Bose,Gastroenterologist,DEPT015,34,2.6
DOC01031,Dr. Arjun Mukherjee,Intensivist,DEPT036,21,4.2
DOC01032,Dr. Rekha Sharma,Gynecologist,DEPT033,4,3.9
DOC01033,Dr. Rahul Iyer,Neurologist,DEPT004,5,2.9
DOC01034,Dr. Meena Singh,Dermatologist,DEPT006,7,2.5
DOC01035,Dr. Kiran Yadav,Psychiatrist,DEPT001,24,3.1
DOC01036,Dr. Priya Singh,Emergency Physician,DEPT024,16,4.1
DOC01037,Dr. Archana Nair,Cardiologist,DEPT012,30,3.4
DOC01038,Dr. Umesh Menon,Neurologist,DEPT017,8,4.1
DOC01039,Dr. Shobha Mukherjee,Pediatrician,DEPT038,7,2.9
DOC01041,Dr. Ashok Singh,Dermatologist,DEPT018,12,4.1
DOC01042,Dr. Suresh Tiwari,Pathologist,DEPT016,6,2.8
DOC01043,Dr. Pradeep Singh,Radiologist,DEPT037,25,4.7
DOC01044,Dr. Ajay Mukherjee,Gynecologist,DEPT013,30,3.1
DOC01045,Dr. Kavita Singh,Pathologist,DEPT016,11,2.5
DOC01046,Dr. Satish Kumar,Gastroenterologist,DEPT043,30,4.5
DOC01047,Dr. Sandeep Malhotra,Gynecologist,DEPT013,26,3.3
DOC01048,Dr. Mohan Pillai,Intensivist,DEPT014,11,3.5
DOC01049,Dr. Deepak Reddy,Dermatologist,DEPT042,23,2.9
DOC01051,Dr. Priya Agarwal,Oncologist,DEPT008,17,3.0
DOC01052,Dr. Sanjay Menon,Pediatrician,DEPT033,17,3.5
DOC01053,Dr. Radha Verma,Intensivist,DEPT043,17,3.2
DOC01054,Dr. Vikram Dubey,Emergency Physician,DEPT015,13,3.8
DOC01055,Dr. Deepak Iyer,Urologist,DEPT019,4,3.2
DOC01056,Dr. Smita Mehta,Psychiatrist,DEPT031,27,3.6
DOC01057,Dr. Vandana Shukla,Intensivist,DEPT036,29,2.6
DOC01058,Dr. Lakshmi Yadav,Pathologist,DEPT004,26,3.8
DOC01059,Dr. Kiran Verma,Dermatologist,DEPT035,23,4.0
DOC01061,Dr. Anil Sinha,Pediatrician,DEPT001,9,4.7
DOC01062,Dr. Pooja Malhotra,Gastroenterologist,DEPT032,2,4.3
DOC01063,Dr. Prakash Sharma,Gynecologist,DEPT006,32,2.7
DOC01064,Dr. Ravi Reddy,Oncologist,DEPT005,31,3.4
DOC01065,Dr. Sanjay Nair,Pediatrician,DEPT039,29,4.4
DOC01066,Dr. Arjun Iyer,Radiologist,DEPT029,5,4.3
DOC01067,Dr. Deepak Dubey,Dermatologist,DEPT011,28,2.6
DOC01068,Dr. Shobha Agarwal,Cardiologist,DEPT023,27,2.6
DOC01069,Dr. Satish Kapoor,Cardiologist,DEPT033,10,3.7
DOC01071,Dr. Ganesh Agarwal,Pathologist,DEPT012,27,3.6
DOC01072,Dr. Vidya Sinha,Gastroenterologist,DEPT015,30,2.8
DOC01073,Dr. Asha Chatterjee,Urologist,DEPT038,20,3.2
DOC01074,Dr. Anita Menon,General Surgeon,DEPT024,5,3.4
DOC01075,Dr. Suresh Mukherjee,Pediatrician,DEPT029,29,4.5
DOC01076,Dr. Sandeep Verma,Emergency Physician,DEPT017,16,3.1
DOC01077,Dr. Vivek Rao,General Surgeon,DEPT014,29,4.5
DOC01078,Dr. Kavita Verma,Emergency Physician,DEPT016,16,4.6
DOC01079,Dr. Vidya Mukherjee,Pediatrician,DEPT012,25,3.1
DOC01081,Dr. Sunita Chopra,Orthopedic Surgeon,DEPT029,30,4.6
DOC01082,Dr. Vidya Kumar,Psychiatrist,DEPT025,2,2.7
DOC01083,Dr. Ravi Kumar,Oncologist,DEPT044,20,3.5
DOC01084,Dr. Vidya Mehta,Psychiatrist,DEPT031,33,2.7
DOC01085,Dr. Sneha Iyer,Pathologist,DEPT022,19,3.3
DOC01086,Dr. Archana Chatterjee,Oncologist,DEPT022,4,3.2
DOC01087,Dr. Ashok Menon,Dermatologist,DEPT012,33,4.4
DOC01088,Dr. Pooja Agarwal,General Surgeon,DEPT015,25,4.6
DOC01089,Dr. Kiran Tiwari,Gynecologist,DEPT032,1,3.3
DOC01091,Dr. Satish Chatterjee,Gastroenterologist,DEPT006,16,3.3
DOC01092,Dr. Nitin Bose,Intensivist,DEPT011,25,4.9
DOC01093,Dr. Priya Iyer,Gastroenterologist,DEPT014,11,2.9
DOC01094,Dr. Amit Mukherjee,Dermatologist,DEPT042,24,3.7
DOC01095,Dr. Ajay Shah,Urologist,DEPT023,21,4.0
DOC01096,Dr. Mahesh Reddy,Oncologist,DEPT008,4,4.1
DOC01097,Dr. Pooja Mishra,Psychiatrist,DEPT036,14,2.9
DOC01098,Dr. Manjula Gupta,Pediatrician,DEPT021,27,3.3
DOC01099,Dr. Amit Joshi,Neurologist,DEPT013,33,2.9
DOC01101,Dr. Arjun Reddy,Gynecologist,DEPT029,16,4.4
DOC01102,Dr. Preeti Malhotra,Neurologist,DEPT034,2,4.3
DOC01103,Dr. Mohan Verma,Urologist,DEPT032,33,4.6
DOC01104,Dr. Umesh Chopra,Gynecologist,DEPT042,2,3.6
DOC01105,Dr. Dinesh Singh,Urologist,DEPT035,23,2.5
DOC01106,Dr. Mohan Pandey,Urologist,DEPT034,2,4.7
DOC01107,Dr. Geeta Mishra,Oncologist,DEPT019,22,2.8
DOC01108,Dr. Rekha Sinha,Dermatologist,DEPT034,15,3.1
DOC01109,Dr. Vinod Malhotra,Intensivist,DEPT037,9,2.6
DOC01111,Dr. Umesh Mukherjee,Intensivist,DEPT014,29,3.5
DOC01112,Dr. Ganesh Pandey,Gastroenterologist,DEPT034,20,4.2
DOC01113,Dr. Manjula Gupta,Dermatologist,DEPT042,4,4.8
DOC01114,Dr. Smita Agarwal,Urologist,DEPT036,10,3.9
DOC01115,Dr. Rekha Mehta,Gastroenterologist,DEPT011,27,2.7
DOC01116,Dr. Priya Mehta,Emergency Physician,DEPT036,24,4.7
DOC01117,Dr. Vandana Singh,Intensivist,DEPT012,2,2.7
DOC01118,Dr. Ajay Kumar,Intensivist,DEPT016,24,3.0
DOC01119,Dr. Naresh Gupta,Radiologist,DEPT005,28,3.1
DOC01121,Dr. Preeti Singh,Dermatologist,DEPT025,19,4.7
DOC01122,Dr. Ashok Tiwari,Emergency Physician,DEPT027,28,3.5
DOC01123,Dr. Harish Rao,Emergency Physician,DEPT005,11,4.6
DOC01124,Dr. Deepak Mukherjee,Gastroenterologist,DEPT028,32,3.9
DOC01125,Dr. Usha Agarwal,Neurologist,DEPT007,21,3.7
DOC01126,Dr. Naresh Pandey,Urologist,DEPT025,4,4.5
DOC01127,Dr. Manjula Shah,Gastroenterologist,DEPT031,27,3.0
DOC01128,Dr. Rajesh Chatterjee,Neurologist,DEPT024,33,3.2
DOC01129,Dr. Anil Mehta,Pathologist,DEPT025,14,4.8
DOC01131,Dr. Vandana Iyer,Urologist,DEPT028,8,4.0
DOC01132,Dr. Lokesh Mishra,Pathologist,DEPT011,27,3.5
DOC01133,Dr. Umesh Menon,Intensivist,DEPT033,25,4.1
DOC01134,Dr. Lakshmi Nair,Gynecologist,DEPT041,28,4.4
DOC01135,Dr. Suma Saxena,Psychiatrist,DEPT039,18,4.3
DOC01136,Dr. Priya Verma,Psychiatrist,DEPT001,30,3.8
DOC01137,Dr. Satish Bose,Pediatrician,DEPT003,30,4.1
DOC01138,Dr. Kiran Dubey,Neurologist,DEPT034,22,3.1
DOC01139,Dr. Vinod Mehta,Orthopedic Surgeon,DEPT025,12,3.7
DOC01141,Dr. Ravi Pandey,Emergency Physician,DEPT036,7,4.7
DOC01142,Dr. Usha Chopra,Gynecologist,DEPT028,6,4.8
DOC01143,Dr. Vinod Sinha,Oncologist,DEPT031,10,2.6
DOC01144,Dr. Arjun Sinha,Psychiatrist,DEPT044,11,3.1
DOC01145,Dr. Sandeep Singh,Intensivist,DEPT022,14,3.2
DOC01146,Dr. Ravi Shah,Oncologist,DEPT012,2,3.3
DOC01147,Dr. Vidya Pillai,Pathologist,DEPT039,6,3.3
DOC01148,Dr. Amit Mehta,Cardiologist,DEPT001,5,3.2
DOC01149,Dr. Ashok Dubey,Gastroenterologist,DEPT011,12,3.7
DOC01151,Dr. Vandana Mishra,General Surgeon,DEPT026,19,3.1
DOC01152,Dr. Archana Yadav,Gynecologist,DEPT028,10,4.3
DOC01153,Dr. Mahesh Mishra,Orthopedic Surgeon,DEPT023,5,2.6
DOC01154,Dr. Rahul Yadav,General Surgeon,DEPT042,28,4.9
DOC01155,Dr. Rajesh Singh,Intensivist,DEPT041,26,3.0
DOC01156,Dr. Divya Tiwari,Intensivist,DEPT016,3,4.7
DOC01157,Dr. Lokesh Mukherjee,Orthopedic Surgeon,DEPT024,17,4.2
DOC01158,Dr. Geeta Agarwal,General Surgeon,DEPT012,2,4.7
DOC01159,Dr. Vivek Yadav,Urologist,DEPT039,31,3.6
DOC01161,Dr. Ravi Kapoor,Pediatrician,DEPT039,6,3.3
DOC01162,Dr. Rajesh Verma,Dermatologist,DEPT028,27,4.0
DOC01163,Dr. Preeti Singh,Gastroenterologist,DEPT013,12,3.0
DOC01164,Dr. Prakash Agarwal,Gynecologist,DEPT021,4,3.6
DOC01165,Dr. Smita Mehta,Dermatologist,DEPT008,34,3.9
DOC01166,Dr. Arjun Joshi,Gastroenterologist,DEPT009,25,2.8
DOC01167,Dr. Sushma Sharma,Gastroenterologist,DEPT002,15,4.5
DOC01168,Dr. Usha Yadav,Neurologist,DEPT044,18,3.6
DOC01169,Dr. Arjun Sinha,Neurologist,DEPT023,33,3.8
DOC01171,Dr. Rajesh Bose,Orthopedic Surgeon,DEPT034,2,4.2
DOC01172,Dr. Vandana Gupta,Gynecologist,DEPT032,25,4.7
DOC01173,Dr. Suma Chatterjee,Gastroenterologist,DEPT035,26,2.8
DOC01174,Dr. Anil Pillai,Dermatologist,DEPT019,21,3.0
DOC01175,Dr. Vinod Singh,Orthopedic Surgeon,DEPT026,22,2.8
DOC01176,Dr. Ravi Dubey,Pathologist,DEPT037,22,4.9
DOC01177,Dr. Arjun Singh,Oncologist,DEPT002,15,3.6
DOC01178,Dr. Ravi Bose,Psychiatrist,DEPT025,27,4.3
DOC01179,Dr. Preeti Mehta,Pediatrician,DEPT039,14,2.9
DOC01181,Dr. Anita Agarwal,Psychiatrist,DEPT038,29,4.8
DOC01182,Dr. Dinesh Pillai,Cardiologist,DEPT023,1,2.8
DOC01183,Dr. Girish Iyer,Urologist,DEPT034,12,4.2
DOC01184,Dr. Rajesh Verma,Gastroenterologist,DEPT008,2,2.6
DOC01185,Dr. Suresh Malhotra,Psychiatrist,DEPT024,9,4.7
DOC01186,Dr. Vandana Patel,Gynecologist,DEPT018,26,3.5
DOC01187,Dr. Ashok Menon,Intensivist,DEPT027,11,4.1
DOC01188,Dr. Vikram Iyer,Psychiatrist,DEPT044,25,4.0
DOC01189,Dr. Vandana Dubey,Pediatrician,DEPT043,33,3.0
DOC01191,Dr. Shobha Verma,Neurologist,DEPT041,6,3.6
DOC01192,Dr. Pooja Iyer,Gynecologist,DEPT018,11,2.5
DOC01193,Dr. Lokesh Pillai,Urologist,DEPT002,5,4.5
DOC01194,Dr. Lakshmi Sharma,Psychiatrist,DEPT026,1,3.6
DOC01195,Dr. Nalini Chopra,Urologist,DEPT027,19,3.2
DOC01196,Dr. Vinod Gupta,Intensivist,DEPT005,25,3.5
DOC01197,Dr. Manjula Patel,General Surgeon,DEPT026,1,3.5
DOC01198,Dr. Deepak Sinha,Psychiatrist,DEPT038,1,2.9
DOC01199,Dr. Pooja Mehta,Pediatrician,DEPT001,26,3.4
DOC01201,Dr. Satish Tiwari,Urologist,DEPT019,10,4.2
DOC01202,Dr. Naresh Malhotra,Oncologist,DEPT024,27,3.9
DOC01203,Dr. Rajesh Reddy,Dermatologist,DEPT021,10,5.0
DOC01204,Dr. Rajesh Sharma,General Surgeon,DEPT035,20,4.4
DOC01205,Dr. Divya Shah,General Surgeon,DEPT012,17,4.6
DOC01206,Dr. Kavita Mishra,Gastroenterologist,DEPT027,22,2.9
DOC01207,Dr. Deepak Mishra,Pathologist,DEPT002,31,3.8
DOC01208,Dr. Rahul Singh,Pediatrician,DEPT005,6,3.1
DOC01209,Dr. Lokesh Rao,General Surgeon,DEPT014,28,3.1
DOC01211,Dr. Usha Nair,Orthopedic Surgeon,DEPT015,6,3.3
DOC01212,Dr. Mahesh Iyer,Psychiatrist,DEPT004,14,3.9
DOC01213,Dr. Pradeep Sinha,Orthopedic Surgeon,DEPT009,4,3.5
DOC01214,Dr. Naresh Kumar,Pediatrician,DEPT011,20,3.5
DOC01215,Dr. Anil Patel,Oncologist,DEPT022,10,3.4
DOC01216,Dr. Kiran Yadav,Emergency Physician,DEPT016,11,5.0
DOC01217,Dr. Sushma Chopra,Gynecologist,DEPT016,26,3.6
DOC01218,Dr. Naresh Shukla,General Surgeon,DEPT004,8,4.8
DOC01219,Dr. Mahesh Rao,Psychiatrist,DEPT031,3,5.0
DOC01221,Dr. Deepak Shah,Dermatologist,DEPT018,29,4.1
DOC01222,Dr. Vandana Nair,Oncologist,DEPT008,13,4.9
DOC01223,Dr. Nitin Mukherjee,Emergency Physician,DEPT007,17,5.0
DOC01224,Dr. Ganesh Chopra,Cardiologist,DEPT011,31,4.5
DOC01225,Dr. Smita Gupta,Urologist,DEPT039,27,4.3
DOC01226,Dr. Shobha Pillai,Pathologist,DEPT039,9,3.1
DOC01227,Dr. Sushma Iyer,Oncologist,DEPT006,19,3.0
DOC01228,Dr. Ravi Nair,Oncologist,DEPT011,17,2.6
DOC01229,Dr. Dinesh Singh,Gastroenterologist,DEPT031,24,3.0
DOC01231,Dr. Sunita Chatterjee,Emergency Physician,DEPT014,24,3.8
DOC01232,Dr. Archana Dubey,Orthopedic Surgeon,DEPT003,4,3.6
DOC01233,Dr. Priya Sinha,Cardiologist,DEPT035,22,4.4
DOC01234,Dr. Rekha Joshi,Radiologist,DEPT027,29,3.3
DOC01235,Dr. Girish Patel,Gynecologist,DEPT031,18,4.1
DOC01236,Dr. Swati Malhotra,Dermatologist,DEPT006,21,3.4
DOC01237,Dr. Amit Sinha,Neurologist,DEPT013,6,3.1
DOC01238,Dr. Sunita Chatterjee,Radiologist,DEPT043,20,4.4
DOC01239,Dr. Madhuri Mukherjee,Pediatrician,DEPT009,33,3.2
DOC01241,Dr. Nisha Patel,Pathologist,DEPT022,29,3.8
DOC01242,Dr. Sunita Iyer,Cardiologist,DEPT003,15,3.1
DOC01243,Dr. Umesh Tiwari,Radiologist,DEPT006,11,4.1
DOC01244,Dr. Mahesh Shah,General Surgeon,DEPT004,5,2.9
DOC01245,Dr. Shobha Dubey,Pathologist,DEPT012,8,2.7
DOC01246,Dr. Asha Malhotra,General Surgeon,DEPT008,1,4.1
DOC01247,Dr. Vidya Gupta,Dermatologist,DEPT003,26,3.7
DOC01248,Dr. Mahesh Sinha,Cardiologist,DEPT002,3,4.1
DOC01249,Dr. Smita Rao,Cardiologist,DEPT023,18,2.7
DOC01251,Dr. Priya Sinha,Pathologist,DEPT012,29,4.4
DOC01252,Dr. Shobha Iyer,Gastroenterologist,DEPT008,29,2.6
DOC01253,Dr. Usha Rao,Radiologist,DEPT033,18,4.9
DOC01254,Dr. Kavita Reddy,Oncologist,DEPT012,27,4.8
DOC01255,Dr. Pradeep Saxena,Radiologist,DEPT007,26,4.5
DOC01256,Dr. Pooja Tiwari,Orthopedic Surgeon,DEPT013,27,3.3
DOC01257,Dr. Usha Verma,Pediatrician,DEPT014,19,4.1
DOC01258,Dr. Geeta Nair,Gynecologist,DEPT043,3,5.0
DOC01259,Dr. Rekha Shah,Psychiatrist,DEPT025,1,4.3
DOC01261,Dr. Sushma Joshi,Emergency Physician,DEPT014,17,4.2
DOC01262,Dr. Meena Pillai,Emergency Physician,DEPT026,1,2.6
DOC01263,Dr. Vandana Bose,Pathologist,DEPT008,25,2.6
DOC01264,Dr. Sneha Saxena,General Surgeon,DEPT031,19,4.1
DOC01265,Dr. Mohan Pillai,Orthopedic Surgeon,DEPT023,17,3.7
DOC01266,Dr. Arjun Singh,Orthopedic Surgeon,DEPT028,1,3.7
DOC01267,Dr. Swati Agarwal,Pathologist,DEPT029,7,3.0
DOC01268,Dr. Vikram Kapoor,Dermatologist,DEPT018,31,3.3
DOC01269,Dr. Preeti Tiwari,Gastroenterologist,DEPT032,20,4.7
DOC01271,Dr. Sandeep Sinha,Orthopedic Surgeon,DEPT016,8,3.4
DOC01272,Dr. Naresh Mishra,Pediatrician,DEPT034,29,4.9
DOC01273,Dr. Lokesh Rao,Gastroenterologist,DEPT002,28,2.9
DOC01274,Dr. Sunita Mehta,Dermatologist,DEPT013,16,3.8
DOC01275,Dr. Usha Pandey,General Surgeon,DEPT012,12,4.1
DOC01276,Dr. Pooja Gupta,Pathologist,DEPT013,32,4.2
DOC01277,Dr. Mahesh Mehta,Urologist,DEPT011,26,4.5
DOC01278,Dr. Ramesh Tiwari,Cardiologist,DEPT025,23,4.4
DOC01279,Dr. Girish Yadav,Orthopedic Surgeon,DEPT004,18,4.5
DOC01281,Dr. Asha Chopra,Dermatologist,DEPT032,4,2.6
DOC01282,Dr. Mohan Tiwari,Neurologist,DEPT037,26,2.7
DOC01283,Dr. Mohan Mukherjee,Cardiologist,DEPT044,7,2.8
DOC01284,Dr. Swati Kumar,Dermatologist,DEPT003,7,3.0
DOC01285,Dr. Amit Verma,Pathologist,DEPT032,7,4.3
DOC01286,Dr. Nalini Shukla,Pediatrician,DEPT039,13,3.8
DOC01287,Dr. Meena Chatterjee,Intensivist,DEPT041,30,4.3
DOC01288,Dr. Dinesh Agarwal,Emergency Physician,DEPT001,23,4.0
DOC01289,Dr. Pradeep Iyer,Oncologist,DEPT032,22,3.9
DOC01291,Dr. Meena Rao,Gynecologist,DEPT032,11,3.0
DOC01292,Dr. Rahul Nair,Pediatrician,DEPT002,11,4.7
DOC01293,Dr. Rekha Kumar,Urologist,DEPT043,4,4.4
DOC01294,Dr. Manjula Sinha,Oncologist,DEPT024,18,4.4
DOC01295,Dr. Girish Iyer,General Surgeon,DEPT028,22,4.8
DOC01296,Dr. Girish Chopra,Oncologist,DEPT036,32,3.5
DOC01297,Dr. Prakash Rao,Intensivist,DEPT011,26,3.6
DOC01298,Dr. Rekha Kapoor,Intensivist,DEPT004,14,3.7
DOC01299,Dr. Vandana Pillai,Pathologist,DEPT039,10,3.4
DOC01301,Dr. Prakash Yadav,General Surgeon,DEPT037,17,3.8
DOC01302,Dr. Sanjay Dubey,Intensivist,DEPT011,10,4.1
DOC01303,Dr. Leela Sinha,Orthopedic Surgeon,DEPT035,20,4.0
DOC01304,Dr. Ashok Yadav,Gynecologist,DEPT013,14,2.9
DOC01305,Dr. Nalini Nair,Gastroenterologist,DEPT027,34,4.3
DOC01306,Dr. Vivek Sharma,Psychiatrist,DEPT012,31,2.7
DOC01307,Dr. Amit Verma,Cardiologist,DEPT001,18,3.0
DOC01308,Dr. Pradeep Joshi,Dermatologist,DEPT036,11,3.5
DOC01309,Dr. Girish Joshi,Emergency Physician,DEPT036,22,4.6
DOC01311,Dr. Suresh Reddy,Pathologist,DEPT001,1,3.1
DOC01312,Dr. Ashok Pillai,Emergency Physician,DEPT026,9,4.6
DOC01313,Dr. Rajesh Chatterjee,Gynecologist,DEPT029,34,4.0
DOC01314,Dr. Arjun Chopra,Pediatrician,DEPT014,27,4.2
DOC01315,Dr. Swati Bose,Oncologist,DEPT041,19,3.2
DOC01316,Dr. Girish Mishra,Gynecologist,DEPT027,19,4.9
DOC01317,Dr. Vandana Gupta,Radiologist,DEPT029,20,4.1
DOC01318,Dr. Nitin Mehta,General Surgeon,DEPT024,25,2.7
DOC01319,Dr. Naresh Chatterjee,Neurologist,DEPT034,32,4.5
DOC01321,Dr. Mahesh Saxena,Intensivist,DEPT042,1,3.7
DOC01322,Dr. Vivek Agarwal,Radiologist,DEPT044,16,4.6
DOC01323,Dr. Archana Agarwal,Gynecologist,DEPT012,6,4.3
DOC01324,Dr. Asha Iyer,Psychiatrist,DEPT023,30,4.9
DOC01325,Dr. Harish Sharma,Urologist,DEPT027,11,4.8
DOC01326,Dr. Deepak Yadav,General Surgeon,DEPT014,30,4.2
DOC01327,Dr. Mahesh Reddy,Radiologist,DEPT019,31,4.4
DOC01328,Dr. Radha Malhotra,Orthopedic Surgeon,DEPT015,31,2.7
DOC01329,Dr. Leela Reddy,Emergency Physician,DEPT044,11,4.5
DOC01331,Dr. Harish Yadav,General Surgeon,DEPT001,4,4.3
DOC01332,Dr. Vinod Mishra,Orthopedic Surgeon,DEPT042,27,4.9
DOC01333,Dr. Prakash Yadav,Oncologist,DEPT023,6,4.4
DOC01334,Dr. Sandeep Rao,Intensivist,DEPT023,18,4.0
DOC01335,Dr. Lokesh Rao,Neurologist,DEPT039,29,4.4
DOC01336,Dr. Sneha Iyer,Pediatrician,DEPT018,5,4.0
DOC01337,Dr. Suresh Pillai,Dermatologist,DEPT044,30,3.7
DOC01338,Dr. Vidya Yadav,Orthopedic Surgeon,DEPT024,1,4.9
DOC01339,Dr. Usha Kapoor,Oncologist,DEPT012,23,3.7
DOC01341,Dr. Amit Bose,Urologist,DEPT041,18,2.8
DOC01342,Dr. Harish Reddy,Psychiatrist,DEPT038,3,2.6
DOC01343,Dr. Preeti Pillai,Pathologist,DEPT035,2,3.4
DOC01344,Dr. Rekha Tiwari,Cardiologist,DEPT019,2,3.6
DOC01345,Dr. Anil Chopra,Radiologist,DEPT006,5,3.9
DOC01346,Dr. Usha Patel,Dermatologist,DEPT035,21,2.7
DOC01347,Dr. Padma Chopra,Orthopedic Surgeon,DEPT003,32,3.9
DOC01348,Dr. Amit Pandey,Dermatologist,DEPT011,25,4.9
DOC01349,Dr. Vikram Yadav,Urologist,DEPT031,2,4.4
DOC01351,Dr. Nalini Shukla,Urologist,DEPT006,8,4.3
DOC01352,Dr. Anil Joshi,Orthopedic Surgeon,DEPT041,26,3.8
DOC01353,Dr. Vikram Mukherjee,Dermatologist,DEPT029,7,4.7
DOC01354,Dr. Suma Mishra,Pediatrician,DEPT021,5,2.7
DOC01355,Dr. Arjun Sinha,Orthopedic Surgeon,DEPT042,1,4.4
DOC01356,Dr. Meena Kapoor,Pathologist,DEPT036,31,4.3
DOC01357,Dr. Usha Joshi,Dermatologist,DEPT031,19,3.4
DOC01358,Dr. Naresh Pillai,Urologist,DEPT001,1,3.7
DOC01359,Dr. Vandana Nair,Gastroenterologist,DEPT006,12,2.9
DOC01361,Dr. Kiran Mishra,Pediatrician,DEPT042,21,2.5
DOC01362,Dr. Sanjay Chatterjee,Urologist,DEPT009,28,3.3
DOC01363,Dr. Padma Kumar,Dermatologist,DEPT007,34,3.3
DOC01364,Dr. Preeti Menon,Cardiologist,DEPT027,3,3.8
DOC01365,Dr. Naresh Verma,Psychiatrist,DEPT019,31,3.4
DOC01366,Dr. Lakshmi Menon,Urologist,DEPT008,32,4.7
DOC01367,Dr. Vandana Pillai,Urologist,DEPT043,5,2.9
DOC01368,Dr. Mahesh Bose,General Surgeon,DEPT031,9,4.6
DOC01369,Dr. Rekha Joshi,Urologist,DEPT032,20,3.9
DOC01371,Dr. Radha Kapoor,Cardiologist,DEPT018,2,3.1
DOC01372,Dr. Padma Nair,Oncologist,DEPT006,31,4.7
DOC01373,Dr. Harish Chopra,Emergency Physician,DEPT032,5,3.9
DOC01374,Dr. Rekha Sinha,Orthopedic Surgeon,DEPT026,7,2.7
DOC01375,Dr. Sushma Pillai,Intensivist,DEPT007,31,4.7
DOC01376,Dr. Savita Mukherjee,Cardiologist,DEPT003,8,3.2
DOC01377,Dr. Ashok Shah,Gastroenterologist,DEPT035,28,3.9
DOC01378,Dr. Sandeep Reddy,Gastroenterologist,DEPT022,27,4.2
DOC01379,Dr. Nisha Chatterjee,Gynecologist,DEPT015,10,4.4
DOC01381,Dr. Pooja Malhotra,Urologist,DEPT005,29,4.3
DOC01382,Dr. Asha Singh,Urologist,DEPT018,9,4.6
DOC01383,Dr. Mohan Gupta,Gynecologist,DEPT019,11,4.4
DOC01384,Dr. Pooja Chatterjee,Pathologist,DEPT026,31,3.0
DOC01385,Dr. Kiran Pillai,Pediatrician,DEPT015,22,3.9
DOC01386,Dr. Archana Mukherjee,Pathologist,DEPT036,32,3.7
DOC01387,Dr. Vandana Patel,Emergency Physician,DEPT036,26,2.8
DOC01388,Dr. Leela Patel,Gynecologist,DEPT037,6,3.6
DOC01389,Dr. Rekha Malhotra,Neurologist,DEPT031,31,4.4
DOC01391,Dr. Ravi Tiwari,General Surgeon,DEPT041,32,3.6
DOC01392,Dr. Kavita Agarwal,Gynecologist,DEPT019,29,3.5
DOC01393,Dr. Archana Mukherjee,Emergency Physician,DEPT033,20,3.7
DOC01394,Dr. Umesh Sinha,Emergency Physician,DEPT023,30,3.9
DOC01395,Dr. Rajesh Nair,Pediatrician,DEPT028,24,4.4
DOC01396,Dr. Swati Patel,Oncologist,DEPT034,24,4.6
DOC01397,Dr. Dinesh Menon,Cardiologist,DEPT008,24,3.2
DOC01398,Dr. Sandeep Verma,Urologist,DEPT003,3,3.2
DOC01399,Dr. Arjun Tiwari,Neurologist,DEPT011,19,3.3
DOC01401,Dr. Nisha Chopra,Urologist,DEPT021,14,4.7
DOC01402,Dr. Girish Kumar,Emergency Physician,DEPT004,7,4.8
DOC01403,Dr. Satish Patel,Intensivist,DEPT043,9,3.4
DOC01404,Dr. Padma Nair,Psychiatrist,DEPT038,17,4.6
DOC01405,Dr. Vidya Pandey,Cardiologist,DEPT009,7,3.9
DOC01406,Dr. Meena Rao,Dermatologist,DEPT025,27,4.9
DOC01407,Dr. Lakshmi Shukla,Urologist,DEPT027,25,3.9
DOC01408,Dr. Leela Sharma,Radiologist,DEPT017,13,4.8
DOC01409,Dr. Kavita Iyer,Dermatologist,DEPT018,2,3.9
DOC01411,Dr. Harish Mukherjee,Oncologist,DEPT036,9,3.4
DOC01412,Dr. Archana Bose,Emergency Physician,DEPT003,9,4.6
DOC01413,Dr. Vinod Rao,Oncologist,DEPT032,6,3.3
DOC01414,Dr. Kiran Mishra,Gastroenterologist,DEPT034,33,4.5
DOC01415,Dr. Kavita Verma,Neurologist,DEPT002,25,3.8
DOC01416,Dr. Leela Iyer,Emergency Physician,DEPT006,22,3.3
DOC01417,Dr. Amit Tiwari,Dermatologist,DEPT006,11,3.7
DOC01418,Dr. Umesh Pillai,Psychiatrist,DEPT003,33,4.8
DOC01419,Dr. Naresh Sharma,Radiologist,DEPT015,19,3.2
DOC01421,Dr. Rahul Shukla,Radiologist,DEPT033,26,2.7
DOC01422,Dr. Anil Chatterjee,Oncologist,DEPT043,11,4.8
DOC01423,Dr. Padma Sinha,Psychiatrist,DEPT034,20,2.8
DOC01424,Dr. Nalini Kumar,Emergency Physician,DEPT006,24,3.1
DOC01425,Dr. Sneha Chatterjee,Dermatologist,DEPT021,7,3.7
DOC01426,Dr. Swati Shukla,Emergency Physician,DEPT024,17,4.4
DOC01427,Dr. Ashok Sharma,Radiologist,DEPT043,9,4.9
DOC01428,Dr. Anil Bose,Psychiatrist,DEPT013,14,3.0
DOC01429,Dr. Ganesh Verma,Gastroenterologist,DEPT009,8,3.1
DOC01431,Dr. Anita Patel,Neurologist,DEPT008,18,5.0
DOC01432,Dr. Umesh Agarwal,Gastroenterologist,DEPT013,3,3.9
DOC01433,Dr. Usha Yadav,Oncologist,DEPT036,1,4.7
DOC01434,Dr. Rajesh Tiwari,Pathologist,DEPT018,6,3.4
DOC01435,Dr. Usha Iyer,General Surgeon,DEPT024,10,3.2
DOC01436,Dr. Preeti Mukherjee,Pediatrician,DEPT012,16,4.7
DOC01437,Dr. Ramesh Mukherjee,Pathologist,DEPT012,34,3.0
DOC01438,Dr. Satish Kumar,Intensivist,DEPT016,16,3.2
DOC01439,Dr. Anita Nair,Orthopedic Surgeon,DEPT034,19,3.4
DOC01441,Dr. Mahesh Pandey,Emergency Physician,DEPT016,1,3.3
DOC01442,Dr. Ajay Chopra,Pediatrician,DEPT018,8,2.9
DOC01443,Dr. Mahesh Mishra,Gynecologist,DEPT018,16,3.2
DOC01444,Dr. Ajay Bose,Cardiologist,DEPT004,3,2.9
DOC01445,Dr. Arjun Iyer,Psychiatrist,DEPT016,2,3.8
DOC01446,Dr. Vinod Verma,Orthopedic Surgeon,DEPT012,21,4.2
DOC01447,Dr. Archana Sinha,Urologist,DEPT044,15,3.8
DOC01448,Dr. Deepak Gupta,Pediatrician,DEPT022,14,2.7
DOC01449,Dr. Pradeep Rao,Gastroenterologist,DEPT005,32,4.0
DOC01451,Dr. Radha Pillai,Pathologist,DEPT027,30,4.3
DOC01452,Dr. Smita Verma,Intensivist,DEPT038,27,2.9
DOC01453,Dr. Suma Dubey,Dermatologist,DEPT044,4,3.7
DOC01454,Dr. Amit Dubey,Urologist,DEPT032,8,4.9
DOC01455,Dr. Ajay Agarwal,Urologist,DEPT015,14,4.6
DOC01456,Dr. Naresh Joshi,Intensivist,DEPT007,19,3.6
DOC01457,Dr. Pooja Malhotra,Neurologist,DEPT029,23,3.1
DOC01458,Dr. Rekha Sinha,Dermatologist,DEPT034,6,2.9
DOC01459,Dr. Dinesh Mishra,Psychiatrist,DEPT023,21,2.6
DOC01461,Dr. Radha Malhotra,Gastroenterologist,DEPT004,4,3.1
DOC01462,Dr. Savita Malhotra,Intensivist,DEPT027,14,3.7
DOC01463,Dr. Usha Mishra,Neurologist,DEPT016,15,3.7
DOC01464,Dr. Ramesh Sinha,Neurologist,DEPT033,20,2.9
DOC01465,Dr. Naresh Bose,Cardiologist,DEPT034,30,3.6
DOC01466,Dr. Satish Iyer,Oncologist,DEPT037,17,3.6
DOC01467,Dr. Savita Kumar,Orthopedic Surgeon,DEPT014,8,4.5
DOC01468,Dr. Arjun Kapoor,Urologist,DEPT018,16,4.8
DOC01469,Dr. Shobha Shah,General Surgeon,DEPT012,33,4.9
DOC01471,Dr. Ajay Dubey,Pathologist,DEPT037,21,3.7
DOC01472,Dr. Rajesh Pillai,Intensivist,DEPT008,12,4.6
DOC01473,Dr. Vivek Pandey,Cardiologist,DEPT039,33,4.1
DOC01474,Dr. Harish Pillai,Cardiologist,DEPT023,18,2.8
DOC01475,Dr. Vidya Mishra,Gastroenterologist,DEPT028,5,2.7
DOC01476,Dr. Amit Pillai,Gastroenterologist,DEPT012,10,4.0
DOC01477,Dr. Vandana Reddy,Dermatologist,DEPT009,15,4.2
DOC01478,Dr. Mahesh Chopra,Oncologist,DEPT034,13,4.1
DOC01479,Dr. Dinesh Tiwari,Radiologist,DEPT034,1,3.7
DOC01481,Dr. Ganesh Saxena,Dermatologist,DEPT035,33,4.0
DOC01482,Dr. Nitin Mishra,Cardiologist,DEPT019,11,4.2
DOC01483,Dr. Sneha Kapoor,Orthopedic Surgeon,DEPT041,28,4.3
DOC01484,Dr. Arjun Dubey,Psychiatrist,DEPT026,11,2.9
DOC01485,Dr. Pradeep Iyer,General Surgeon,DEPT007,34,3.7
DOC01486,Dr. Nisha Verma,Pathologist,DEPT039,28,3.3
DOC01487,Dr. Amit Kapoor,Psychiatrist,DEPT035,14,3.7
DOC01488,Dr. Padma Mukherjee,Oncologist,DEPT042,10,3.5
DOC01489,Dr. Nisha Iyer,Gastroenterologist,DEPT024,26,2.7
DOC01491,Dr. Rekha Menon,Emergency Physician,DEPT012,31,4.5
DOC01492,Dr. Rahul Shukla,Emergency Physician,DEPT024,22,3.8
DOC01493,Dr. Vandana Mishra,General Surgeon,DEPT007,31,4.7
DOC01494,Dr. Priya Nair,Pathologist,DEPT026,27,2.6
DOC01495,Dr. Prakash Kapoor,Psychiatrist,DEPT027,25,2.7
DOC01496,Dr. Ramesh Saxena,Radiologist,DEPT008,24,2.8
DOC01497,Dr. Ramesh Mishra,Radiologist,DEPT009,17,4.7
DOC01498,Dr. Priya Agarwal,Dermatologist,DEPT035,6,3.8
DOC01499,Dr. Vinod Sinha,Gynecologist,DEPT042,16,4.4
DOC01501,Dr. Meena Verma,Psychiatrist,DEPT021,33,2.7
DOC01502,Dr. Madhuri Verma,Orthopedic Surgeon,DEPT024,13,4.4
DOC01503,Dr. Vinod Mishra,Cardiologist,DEPT027,10,2.7
DOC01504,Dr. Preeti Shah,Orthopedic Surgeon,DEPT041,21,4.8
DOC01505,Dr. Ashok Malhotra,Orthopedic Surgeon,DEPT039,2,3.8
DOC01506,Dr. Lokesh Mishra,Psychiatrist,DEPT013,11,4.9
DOC01507,Dr. Lakshmi Verma,Emergency Physician,DEPT023,14,4.1
DOC01508,Dr. Girish Pandey,Intensivist,DEPT002,2,4.0
DOC01509,Dr. Meena Patel,Psychiatrist,DEPT023,13,2.9
DOC01511,Dr. Amit Kumar,Oncologist,DEPT015,11,4.1
DOC01512,Dr. Umesh Patel,Oncologist,DEPT033,11,4.4
DOC01513,Dr. Mahesh Mehta,General Surgeon,DEPT008,11,4.0
DOC01514,Dr. Mohan Pillai,Psychiatrist,DEPT021,4,4.2
DOC01515,Dr. Rekha Sinha,Neurologist,DEPT033,10,4.7
DOC01516,Dr. Vandana Mishra,Orthopedic Surgeon,DEPT026,25,4.2
DOC01517,Dr. Vinod Gupta,Radiologist,DEPT041,15,4.1
DOC01518,Dr. Manjula Dubey,Radiologist,DEPT026,32,3.8
DOC01519,Dr. Prakash Joshi,General Surgeon,DEPT034,11,3.6
DOC01521,Dr. Sushma Tiwari,General Surgeon,DEPT014,17,4.3
DOC01522,Dr. Pradeep Rao,Psychiatrist,DEPT038,8,4.6
DOC01523,Dr. Pradeep Kumar,Gynecologist,DEPT013,21,4.3
DOC01524,Dr. Kiran Bose,Gynecologist,DEPT026,23,2.8
DOC01525,Dr. Naresh Dubey,Urologist,DEPT014,1,3.1
DOC01526,Dr. Rekha Agarwal,Psychiatrist,DEPT043,23,4.0
DOC01527,Dr. Dinesh Patel,Radiologist,DEPT014,19,3.9
DOC01528,Dr. Preeti Kumar,Dermatologist,DEPT022,29,4.8
DOC01529,Dr. Kiran Mukherjee,Oncologist,DEPT021,18,5.0
DOC01531,Dr. Dinesh Reddy,General Surgeon,DEPT017,16,4.7
DOC01532,Dr. Vinod Rao,Urologist,DEPT042,32,4.0
DOC01533,Dr. Suma Reddy,Urologist,DEPT005,28,4.3
DOC01534,Dr. Padma Saxena,Cardiologist,DEPT029,18,4.6
DOC01535,Dr. Radha Sharma,Gastroenterologist,DEPT001,10,2.9
DOC01536,Dr. Girish Iyer,Radiologist,DEPT015,3,3.3
DOC01537,Dr. Ganesh Bose,Neurologist,DEPT039,10,2.6
DOC01538,Dr. Lokesh Rao,Intensivist,DEPT005,3,4.1
DOC01539,Dr. Usha Chopra,Gynecologist,DEPT015,29,4.8
DOC01541,Dr. Naresh Kapoor,Gynecologist,DEPT036,7,2.5
DOC01542,Dr. Mohan Pandey,Gastroenterologist,DEPT036,2,2.8
DOC01543,Dr. Naresh Agarwal,Urologist,DEPT008,29,3.0
DOC01544,Dr. Leela Malhotra,Orthopedic Surgeon,DEPT017,25,4.4
DOC01545,Dr. Sandeep Pillai,Urologist,DEPT008,34,3.4
DOC01546,Dr. Lokesh Saxena,Gynecologist,DEPT021,23,3.0
DOC01547,Dr. Mohan Agarwal,Radiologist,DEPT007,2,3.4
DOC01548,Dr. Priya Gupta,Urologist,DEPT014,30,3.1
DOC01549,Dr. Girish Mehta,Psychiatrist,DEPT042,7,3.1
DOC01551,Dr. Mahesh Nair,Radiologist,DEPT001,31,3.9
DOC01552,Dr. Sanjay Agarwal,General Surgeon,DEPT019,26,4.2
DOC01553,Dr. Satish Bose,Neurologist,DEPT004,24,3.1
DOC01554,Dr. Ajay Shukla,Oncologist,DEPT031,9,3.9
DOC01555,Dr. Ganesh Saxena,Psychiatrist,DEPT006,9,2.6
DOC01556,Dr. Sneha Dubey,Radiologist,DEPT019,12,4.9
DOC01557,Dr. Vivek Joshi,General Surgeon,DEPT023,11,2.8
DOC01558,Dr. Arjun Bose,Intensivist,DEPT041,22,3.9
DOC01559,Dr. Pooja Reddy,Oncologist,DEPT001,26,5.0
DOC01561,Dr. Vinod Menon,Urologist,DEPT036,10,3.3
DOC01562,Dr. Nisha Pillai,Orthopedic Surgeon,DEPT029,33,3.2
DOC01563,Dr. Naresh Nair,Dermatologist,DEPT025,12,4.3
DOC01564,Dr. Archana Rao,Psychiatrist,DEPT042,33,3.7
DOC01565,Dr. Dinesh Malhotra,Orthopedic Surgeon,DEPT038,11,3.2
DOC01566,Dr. Sanjay Malhotra,Cardiologist,DEPT013,32,3.9
DOC01567,Dr. Lokesh Joshi,Intensivist,DEPT001,10,4.6
DOC01568,Dr. Madhuri Singh,General Surgeon,DEPT041,11,4.2
DOC01569,Dr. Lokesh Sharma,Dermatologist,DEPT014,5,3.1
DOC01571,Dr. Vivek Kumar,Urologist,DEPT013,23,4.2
DOC01572,Dr. Mahesh Singh,Gastroenterologist,DEPT016,21,4.8
DOC01573,Dr. Shobha Sinha,Orthopedic Surgeon,DEPT007,18,3.0
DOC01574,Dr. Sanjay Mishra,Gynecologist,DEPT015,25,4.1
DOC01575,Dr. Leela Tiwari,Urologist,DEPT008,20,3.7
DOC01576,Dr. Ramesh Kapoor,Urologist,DEPT019,30,4.2
DOC01577,Dr. Sandeep Nair,Gynecologist,DEPT042,13,2.8
DOC01578,Dr. Smita Sharma,Cardiologist,DEPT036,24,3.1
DOC01579,Dr. Ravi Menon,Orthopedic Surgeon,DEPT023,23,3.4
DOC01581,Dr. Sanjay Tiwari,Oncologist,DEPT027,7,4.6
DOC01582,Dr. Arjun Verma,Psychiatrist,DEPT028,29,3.5
DOC01583,Dr. Lakshmi Patel,Orthopedic Surgeon,DEPT002,22,3.3
DOC01584,Dr. Kavita Bose,Dermatologist,DEPT005,3,4.4
DOC01585,Dr. Radha Mehta,Cardiologist,DEPT043,19,2.8
DOC01586,Dr. Sandeep Sinha,Cardiologist,DEPT031,5,3.3
DOC01587,Dr. Prakash Pandey,Radiologist,DEPT008,24,3.9
DOC01588,Dr. Suresh Mukherjee,Cardiologist,DEPT019,9,3.4
DOC01589,Dr. Nitin Saxena,Intensivist,DEPT036,14,4.0
DOC01591,Dr. Amit Malhotra,Orthopedic Surgeon,DEPT011,30,4.0
DOC01592,Dr. Suma Iyer,Psychiatrist,DEPT031,27,2.9
DOC01593,Dr. Sneha Tiwari,Orthopedic Surgeon,DEPT026,15,2.8
DOC01594,Dr. Pradeep Gupta,Dermatologist,DEPT002,28,4.5
DOC01595,Dr. Vikram Nair,Gynecologist,DEPT002,19,3.5
DOC01596,Dr. Sanjay Shukla,Cardiologist,DEPT004,9,2.9
DOC01597,Dr. Savita Gupta,Psychiatrist,DEPT031,13,2.7
DOC01598,Dr. Girish Verma,Pathologist,DEPT044,19,3.5
DOC01599,Dr. Sushma Joshi,Gynecologist,DEPT038,4,4.6
DOC01601,Dr. Girish Mehta,General Surgeon,DEPT027,20,3.0
DOC01602,Dr. Padma Pandey,Psychiatrist,DEPT012,16,5.0
DOC01603,Dr. Usha Mehta,Intensivist,DEPT026,18,2.6
DOC01604,Dr. Sanjay Shah,Pediatrician,DEPT026,1,4.0
DOC01605,Dr. Usha Dubey,Cardiologist,DEPT039,32,4.2
DOC01606,Dr. Sanjay Shukla,Neurologist,DEPT009,8,3.8
DOC01607,Dr. Prakash Sharma,Radiologist,DEPT025,24,3.1
DOC01608,Dr. Ravi Saxena,Cardiologist,DEPT026,27,3.3
DOC01609,Dr. Smita Menon,Radiologist,DEPT018,30,3.9
DOC01611,Dr. Pooja Yadav,Dermatologist,DEPT038,9,4.7
DOC01612,Dr. Suresh Patel,Oncologist,DEPT011,11,3.5
DOC01613,Dr. Madhuri Verma,Dermatologist,DEPT012,20,3.4
DOC01614,Dr. Anita Shah,Psychiatrist,DEPT012,3,3.5
DOC01615,Dr. Lakshmi Sinha,Urologist,DEPT011,19,5.0
DOC01616,Dr. Sushma Sinha,Oncologist,DEPT011,23,3.2
DOC01617,Dr. Ajay Sharma,Neurologist,DEPT008,33,2.9
DOC01618,Dr. Prakash Malhotra,Neurologist,DEPT042,32,4.7
DOC01619,Dr. Ramesh Pillai,Dermatologist,DEPT008,24,2.8
DOC01621,Dr. Deepak Iyer,Pathologist,DEPT012,21,4.6
DOC01622,Dr. Madhuri Pandey,Neurologist,DEPT022,26,4.1
DOC01623,Dr. Savita Tiwari,General Surgeon,DEPT036,4,4.9
DOC01624,Dr. Ravi Gupta,Pathologist,DEPT041,13,3.3
DOC01625,Dr. Leela Yadav,Emergency Physician,DEPT041,4,4.6
DOC01626,Dr. Prakash Shukla,Oncologist,DEPT007,8,2.7
DOC01627,Dr. Sandeep Saxena,Pathologist,DEPT039,28,4.5
DOC01628,Dr. Sneha Gupta,Dermatologist,DEPT035,17,3.3
DOC01629,Dr. Manjula Malhotra,Psychiatrist,DEPT029,12,3.7
DOC01631,Dr. Radha Pillai,Intensivist,DEPT033,32,4.5
DOC01632,Dr. Sandeep Kumar,Psychiatrist,DEPT038,17,4.1
DOC01633,Dr. Dinesh Mukherjee,Psychiatrist,DEPT001,5,3.6
DOC01634,Dr. Amit Mukherjee,Cardiologist,DEPT004,4,3.2
DOC01635,Dr. Mahesh Iyer,Oncologist,DEPT017,27,4.4
DOC01636,Dr. Rekha Yadav,Gastroenterologist,DEPT031,15,3.7
DOC01637,Dr. Meena Agarwal,Cardiologist,DEPT009,20,3.1
DOC01638,Dr. Padma Kapoor,Pathologist,DEPT017,25,3.5
DOC01639,Dr. Vidya Verma,Gynecologist,DEPT001,4,4.5
DOC01641,Dr. Mahesh Yadav,Gastroenterologist,DEPT017,13,2.6
DOC01642,Dr. Geeta Singh,Oncologist,DEPT025,18,3.3
DOC01643,Dr. Girish Gupta,Pathologist,DEPT017,7,4.3
DOC01644,Dr. Mahesh Rao,Pathologist,DEPT006,10,4.0
DOC01645,Dr. Radha Mukherjee,General Surgeon,DEPT034,28,3.6
DOC01646,Dr. Mohan Patel,General Surgeon,DEPT042,14,2.9
DOC01647,Dr. Vivek Chopra,General Surgeon,DEPT027,16,2.6
DOC01648,Dr. Shobha Agarwal,Dermatologist,DEPT031,16,3.5
DOC01649,Dr. Naresh Reddy,Dermatologist,DEPT024,14,4.2
DOC01651,Dr. Rekha Sharma,Pathologist,DEPT034,5,3.2
DOC01652,Dr. Savita Bose,Oncologist,DEPT003,31,4.8
DOC01653,Dr. Sandeep Menon,Urologist,DEPT016,18,4.0
DOC01654,Dr. Ramesh Shukla,Cardiologist,DEPT004,6,3.6
DOC01655,Dr. Arjun Chatterjee,Gynecologist,DEPT032,13,4.4
DOC01656,Dr. Ajay Gupta,Pathologist,DEPT036,22,3.2
DOC01657,Dr. Rajesh Joshi,General Surgeon,DEPT017,10,4.7
DOC01658,Dr. Sneha Saxena,Pediatrician,DEPT003,31,3.4
DOC01659,Dr. Sandeep Gupta,Radiologist,DEPT043,4,2.5
DOC01661,Dr. Sunita Mukherjee,Intensivist,DEPT013,21,4.9
DOC01662,Dr. Padma Patel,Gynecologist,DEPT014,32,3.7
DOC01663,Dr. Sanjay Shukla,Cardiologist,DEPT005,31,4.8
DOC01664,Dr. Dinesh Rao,Pathologist,DEPT018,13,2.8
DOC01665,Dr. Smita Chopra,Urologist,DEPT006,5,3.0
DOC01666,Dr. Vikram Tiwari,Orthopedic Surgeon,DEPT024,28,3.7
